1,2,5,5,0.1,1.918974,14.126329,14.154742,14.349609,-1.550935
2,3.6,5,5,0.1,2.585164,12.118889,12.146315,12.30375,-2.096083
3,5.2,5,5,0.1,4.869998,10.778535,10.804655,10.939603,-2.641232
4,6.8,5,5,0.1,15.108643,9.802618,9.82745,9.94715,-3.18638
5,8.4,5,5,0.1,13.937063,9.051263,9.074913,9.183463,-3.731528
6,10,5,5,0.1,12.323716,8.449775,8.472363,8.572329,-4.276676
7,2,6.4,5,0.1,4.513555,11.222535,11.593518,11.770696,-2.513263
8,3.6,6.4,5,0.1,16.137075,9.654718,9.9622,10.080809,-3.382117
10,6.8,6.4,5,0.1,14.093387,7.829733,8.06969,8.141437,-5.119824
13,2,7.8,5,0.1,11.302036,9.587757,9.980569,10.504927,-3.259425
14,3.6,7.8,5,0.1,15.934734,8.280513,8.606815,9.015462,-4.357454
15,5.2,7.8,5,0.1,12.738885,7.39281,7.677305,8.012166,-5.455483
18,10,7.8,5,0.1,8.831794,5.827157,6.043453,6.271563,-8.74957
19,2,9.2,5,0.1,13.512838,8.478287,8.897697,9.522415,-3.970976
20,3.6,9.2,5,0.1,11.21856,7.35434,7.703797,8.214723,-5.272126
21,5.2,9.2,5,0.1,11.537527,6.582604,6.887667,7.327011,-6.573277
22,6.8,9.2,5,0.1,9.439663,6.01127,6.285154,6.675221,-7.874427
23,8.4,9.2,5,0.1,7.887808,5.566519,5.817032,6.170754,-9.175578
25,2,10.6,5,0.1,12.627987,7.576135,8.010992,8.657448,-4.683318
26,3.6,10.6,5,0.1,9.030522,6.602657,6.967789,7.52767,-6.16974
27,5.2,10.6,5,0.1,8.490221,5.926323,6.246405,6.744691,-7.656161
28,6.8,10.6,5,0.1,6.549274,5.421959,5.710076,6.162536,-9.142582
29,8.4,10.6,5,0.1,5.334571,5.0274,5.291397,5.706689,-10.629004
30,10,10.6,5,0.1,4.591867,4.707911,4.952906,5.33674,-12.115424
31,2,12,5,0.1,11.380705,6.905552,7.345797,7.980282,-5.366399
32,3.6,12,5,0.1,8.749769,6.04494,6.417011,6.978836,-7.019633
33,5.2,12,5,0.1,7.806575,5.440293,5.767599,6.273737,-8.672868
34,6.8,12,5,0.1,6.036901,4.986213,5.281458,5.744527,-10.326101
35,8.4,12,5,0.1,4.857109,4.62928,4.90019,5.329056,-11.979336
36,10,12,5,0.1,4.16114,4.339249,4.590911,4.991909,-13.632569
37,2,5,6.4,0.1,4.556099,11.174382,11.422543,11.684524,-2.538131
39,5.2,5,6.4,0.1,18.987062,8.569416,8.742266,8.893606,-4.293784
40,6.8,5,6.4,0.1,15.898911,7.802834,7.956289,8.083644,-5.171611
41,8.4,5,6.4,0.1,13.151935,7.21079,7.350017,7.461004,-6.049438
42,10,5,6.4,0.1,14.400296,6.735772,6.864023,6.963099,-6.927264
43,2,6.4,6.4,0.1,27.582689,8.917957,8.951507,9.048694,-4.347304
44,3.6,6.4,6.4,0.1,20.540031,7.642538,7.673524,7.751722,-5.905901
45,5.2,6.4,6.4,0.1,19.864922,6.793229,6.821963,6.888854,-7.464497
46,6.8,6.4,6.4,0.1,15.631515,6.175805,6.202648,6.261908,-9.023095
47,8.4,6.4,6.4,0.1,12.793382,5.700935,5.726188,5.779885,-10.581691
48,10,6.4,6.4,0.1,10.769256,5.321056,5.344958,5.39438,-12.140287
49,2,7.8,6.4,0.1,22.446594,7.484762,7.623343,7.667058,-6.073552
52,6.8,7.8,6.4,0.1,12.00059,5.195951,5.269858,5.302936,-12.597979
53,8.4,7.8,6.4,0.1,14.787572,4.797921,4.863549,4.894197,-14.772789
55,2,9.2,6.4,0.1,20.760664,6.6474,6.849982,6.854029,-7.439252
56,3.6,9.2,6.4,0.1,14.714435,5.71438,5.86564,5.87726,-10.025211
57,5.2,9.2,6.4,0.1,11.20341,5.088111,5.209775,5.226623,-12.61117
58,6.8,9.2,6.4,0.1,13.501558,4.630735,4.733943,4.752593,-15.197129
59,8.4,9.2,6.4,0.1,11.363228,4.277908,4.368457,4.387585,-17.783089
61,2,10.6,6.4,0.1,15.12569,6.024107,6.249717,6.337838,-8.770121
62,3.6,10.6,6.4,0.1,10.554095,5.191571,5.375359,5.422721,-11.768082
63,5.2,10.6,6.4,0.1,12.010534,4.629153,4.787323,4.81579,-14.766042
66,10,10.6,6.4,0.1,7.14089,3.642006,3.759642,3.767421,-23.759924
67,2,12,6.4,0.1,12.373672,5.577953,5.822666,5.993566,-9.790145
68,3.6,12,6.4,0.1,9.873672,4.820484,5.020405,5.127625,-13.077214
70,6.8,12,6.4,0.1,8.28687,3.925658,4.079024,4.137076,-19.651353
71,8.4,12,6.4,0.1,6.993868,3.631426,3.770789,3.817357,-22.938423
72,10,12,6.4,0.1,5.830386,3.394681,3.523196,3.561886,-26.225492
73,2,5,7.8,0.1,10.174788,9.50123,9.791039,10.247768,-3.300624
74,3.6,5,7.8,0.1,16.715761,8.208356,8.447056,8.815264,-4.414578
75,5.2,5,7.8,0.1,13.925933,7.329965,7.536694,7.850852,-5.528532
76,6.8,5,7.8,0.1,14.502852,6.683725,6.868267,7.145574,-6.642486
77,8.4,5,7.8,0.1,11.992622,6.182735,6.350807,6.601139,-7.75644
79,2,6.4,7.8,0.1,24.785667,7.479321,7.574774,7.577285,-6.106088
80,3.6,6.4,7.8,0.1,18.790327,6.420729,6.486736,6.495849,-8.25796
81,5.2,6.4,7.8,0.1,13.825033,5.712813,5.762481,5.776105,-10.42725
82,6.8,6.4,7.8,0.1,10.849521,5.196881,5.236783,5.252345,-12.602378
83,8.4,6.4,7.8,0.1,13.416098,4.799408,4.83287,4.849254,-14.777507
84,10,6.4,7.8,0.1,11.501976,4.481066,4.509983,4.526651,-16.952636
85,2,7.8,7.8,0.1,21.774601,6.122954,6.151323,6.184588,-9.365142
86,3.6,7.8,7.8,0.1,14.833219,5.243106,5.269154,5.294648,-12.734769
87,5.2,7.8,7.8,0.1,16.779438,4.658363,4.682431,4.703552,-16.104395
88,6.8,7.8,7.8,0.1,13.53732,4.23376,4.256192,4.274483,-19.474022
89,8.4,7.8,7.8,0.1,11.209322,3.90744,3.928507,3.944803,-22.843648
90,10,7.8,7.8,0.1,9.276484,3.646535,3.666451,3.681253,-26.213275
91,2,9.2,7.8,0.1,17.876738,5.319048,5.338489,5.369728,-12.164046
93,5.2,9.2,7.8,0.1,14.145905,4.048851,4.059161,4.081009,-20.913674
95,8.4,9.2,7.8,0.1,8.900193,3.396706,3.404154,3.421771,-29.663302
98,3.6,10.6,7.8,0.1,16.216782,4.106583,4.11907,4.147254,-20.239586
100,6.8,10.6,7.8,0.1,9.273883,3.318677,3.324504,3.346347,-30.938476
101,8.4,10.6,7.8,0.1,7.478188,3.063308,3.068065,3.087794,-36.287922
102,10,10.6,7.8,0.1,6.204606,2.858954,2.86316,2.881185,-41.637369
103,2,12,7.8,0.1,19.722586,4.440832,4.462522,4.497879,-17.073777
104,3.6,12,7.8,0.1,13.802406,3.810366,3.818347,3.848013,-23.184044
105,5.2,12,7.8,0.1,10.019256,3.387709,3.392352,3.417072,-29.294314
106,6.8,12,7.8,0.1,7.759079,3.078913,3.084319,3.104568,-35.404582
107,8.4,12,7.8,0.1,6.250804,2.841241,2.847658,2.86461,-41.514851
109,2,5,9.2,0.1,13.185527,8.375511,8.684814,9.20925,-4.002133
110,3.6,5,9.2,0.1,10.667147,7.266571,7.524888,7.956437,-5.316646
111,5.2,5,9.2,0.1,10.912668,6.505073,6.730501,7.103446,-6.63116
113,8.4,5,9.2,0.1,7.364414,5.502167,5.68691,5.988919,-9.260186
114,10,5,9.2,0.1,6.289485,5.147864,5.318919,5.597462,-10.574699
117,5.2,6.4,9.2,0.1,10.274791,5.079422,5.14747,5.169635,-12.744285
118,6.8,6.4,9.2,0.1,12.080104,4.624013,4.683399,4.697484,-15.359081
119,8.4,6.4,9.2,0.1,10.023178,4.272493,4.325683,4.334816,-17.973877
120,10,6.4,9.2,0.1,8.544003,3.990572,4.039077,4.044964,-20.588674
121,2,7.8,9.2,0.1,16.073603,5.30739,5.345409,5.367537,-12.185855
123,5.2,7.8,9.2,0.1,12.698732,4.034302,4.073253,4.084245,-20.951733
124,6.8,7.8,9.2,0.1,9.940857,3.665845,3.703357,3.712068,-25.334671
125,8.4,7.8,9.2,0.1,7.987189,3.382828,3.418805,3.426012,-29.717611
126,10,7.8,9.2,0.1,6.628483,3.156632,3.191138,3.197288,-34.100551
127,2,9.2,9.2,0.1,20.835497,4.49063,4.524686,4.528755,-16.913204
128,3.6,9.2,9.2,0.1,14.558627,3.843233,3.873893,3.875441,-23.016179
131,8.4,9.2,9.2,0.1,6.541237,2.862322,2.885975,2.886569,-41.335389
133,2,10.6,9.2,0.1,18.139135,3.96317,3.97547,3.987152,-21.954928
134,3.6,10.6,9.2,0.1,11.898279,3.391926,3.401932,3.411128,-29.901437
135,5.2,10.6,9.2,0.1,8.640083,3.012723,3.021414,3.029172,-37.847947
136,6.8,10.6,9.2,0.1,7.799201,2.737572,2.745377,2.752185,-45.794461
137,8.4,10.6,9.2,0.1,27.663567,2.526215,2.533368,2.539495,-53.740971
138,10,10.6,9.2,0.1,30.30475,2.357289,2.363935,2.369544,-61.687481
140,3.6,12,9.2,0.1,9.986526,3.08892,3.099998,3.102684,-35.647638
141,5.2,12,9.2,0.1,8.098698,2.743105,2.753352,2.755088,-45.0859
143,8.4,12,9.2,0.1,30.683031,2.299731,2.308635,2.309557,-64.002775
144,10,12,9.2,0.1,23.251871,2.145843,2.154228,2.154949,-73.463567
145,2,5,10.6,0.1,9.889522,7.460298,7.78078,8.350644,-4.73278
146,3.6,5,10.6,0.1,7.644824,6.501531,6.773901,7.253448,-6.240624
147,5.2,5,10.6,0.1,7.052485,5.835772,6.075906,6.495683,-7.748466
148,6.8,5,10.6,0.1,5.793155,5.339369,5.556196,5.933245,-9.25631
149,8.4,5,10.6,0.1,4.859341,4.951044,5.15009,5.494848,-10.764153
150,10,5,10.6,0.1,4.153234,4.636594,4.821536,5.140869,-12.271997
151,2,6.4,10.6,0.1,17.496386,5.9905,6.111082,6.276063,-8.841804
152,3.6,6.4,10.6,0.1,11.672997,5.165794,5.261197,5.375039,-11.869309
153,5.2,6.4,10.6,0.1,12.836967,4.607994,4.688477,4.774721,-14.896815
155,8.4,6.4,10.6,0.1,8.473558,3.882065,3.945414,4.003841,-20.951826
156,10,6.4,10.6,0.1,7.092866,3.62764,3.685535,3.736113,-23.97933
157,2,7.8,10.6,0.1,19.26577,4.781291,4.805907,4.826391,-14.899744
158,3.6,7.8,10.6,0.1,13.529008,4.090958,4.12369,4.136162,-20.251738
159,5.2,7.8,10.6,0.1,9.929007,3.633085,3.668012,3.676439,-25.603734
160,6.8,7.8,10.6,0.1,7.703996,3.300997,3.336146,3.342218,-30.955728
161,8.4,7.8,10.6,0.1,6.232986,3.045971,3.080597,3.085165,-36.307722
162,10,7.8,10.6,0.1,5.185102,2.842178,2.875993,2.879537,-41.65972
163,2,9.2,10.6,0.1,16.505527,3.946849,3.991205,3.998757,-21.849208
164,3.6,9.2,10.6,0.1,10.856559,3.376872,3.415849,3.423888,-29.745832
165,5.2,9.2,10.6,0.1,7.87428,2.998863,3.033966,3.041125,-37.653219
166,6.8,9.2,10.6,0.1,7.770109,2.72471,2.756882,2.76318,-45.560606
167,8.4,9.2,10.6,0.1,26.581705,2.514183,2.544044,2.549677,-53.467993
169,2,10.6,10.6,0.1,14.148331,3.40978,3.438621,3.444964,-29.835286
170,3.6,10.6,10.6,0.1,9.267212,2.91706,2.941793,2.948308,-40.635224
172,6.8,10.6,10.6,0.1,35.236,2.353453,2.373466,2.379549,-62.235102
174,10,10.6,10.6,0.1,20.019907,2.026198,2.043456,2.049032,-83.834983
175,2,12,10.6,0.1,11.798927,3.057613,3.069801,3.071483,-37.442226
176,3.6,12,10.6,0.1,17.862103,2.615479,2.625914,2.627953,-51.021222
177,5.2,12,10.6,0.1,38.157982,2.322401,2.331686,2.333803,-64.600222
178,6.8,12,10.6,0.1,26.301592,2.109912,2.118363,2.120466,-78.179218
179,8.4,12,10.6,0.1,18.533424,1.946772,1.954581,1.956639,-91.758221
180,10,12,10.6,0.1,13.557925,1.816429,1.823723,1.825724,-105.337217
181,2,5,12,0.1,9.478892,6.783117,7.099624,7.67891,-5.413419
183,5.2,5,12,0.1,6.008661,5.342642,5.584702,6.022901,-8.757215
184,6.8,5,12,0.1,4.683507,4.896693,5.116329,5.512322,-10.430901
185,8.4,5,12,0.1,3.809608,4.546218,4.74853,5.112117,-12.104588
186,10,5,12,0.1,3.933784,4.261461,4.449905,4.787695,-13.778275
187,2,6.4,12,0.1,14.652413,5.534084,5.666327,5.881744,-9.908437
188,3.6,6.4,12,0.1,9.81397,4.78562,4.891246,5.058461,-13.24394
189,5.2,6.4,12,0.1,10.966611,4.275755,4.365308,4.503228,-16.579442
190,6.8,6.4,12,0.1,8.744635,3.900081,3.97879,4.096375,-19.914946
191,8.4,6.4,12,0.1,7.171212,3.608566,3.679408,3.781973,-23.250448
192,10,6.4,12,0.1,5.909023,3.373887,3.438722,3.529904,-26.585951
193,2,7.8,12,0.1,16.173862,4.429405,4.449751,4.470129,-17.094251
194,3.6,7.8,12,0.1,11.21352,3.789371,3.822804,3.834177,-23.210306
195,5.2,7.8,12,0.1,8.245184,3.364999,3.402701,3.409608,-29.326361
196,6.8,7.8,12,0.1,6.428113,3.057267,3.096175,3.100542,-35.442416
197,8.4,7.8,12,0.1,5.204254,2.820976,2.85985,2.862639,-41.558471
198,10,7.8,12,0.1,9.228691,2.632171,2.670473,2.672222,-47.674526
199,2,9.2,12,0.1,12.937446,3.586182,3.636624,3.644237,-26.224814
200,3.6,9.2,12,0.1,8.453943,3.067912,3.110792,3.116903,-35.666533
201,5.2,9.2,12,0.1,8.096935,2.724304,2.762228,2.767466,-45.138273
202,6.8,9.2,12,0.1,29.225584,2.475147,2.509508,2.514161,-54.610167
203,8.4,9.2,12,0.1,25.874495,2.283836,2.315478,2.319705,-64.082056
204,10,9.2,12,0.1,19.854849,2.130974,2.160454,2.164354,-73.55395
205,2,10.6,12,0.1,10.975533,3.042855,3.081961,3.085089,-37.49004
206,3.6,10.6,12,0.1,17.908268,2.602896,2.636561,2.63905,-51.084951
207,5.2,10.6,12,0.1,35.330818,2.311259,2.341255,2.343384,-64.679861
208,6.8,10.6,12,0.1,24.82262,2.09981,2.12712,2.129011,-78.274772
210,10,10.6,12,0.1,12.836267,1.807757,1.831327,1.832915,-105.464593
211,2,12,12,0.1,14.1844,2.683913,2.706027,2.723569,-48.966963
212,3.6,12,12,0.1,41.471737,2.295555,2.314605,2.330211,-66.738792
213,5.2,12,12,0.1,25.676825,2.038203,2.055187,2.069345,-84.510624
214,6.8,12,12,0.1,16.79986,1.851648,1.867119,1.880157,-102.28245
218,3.6,5,5,0.16,0.558426,15.360909,15.507737,15.972713,-1.116653
221,8.4,5,5,0.16,0.805283,12.06325,12.175711,12.533546,-1.808735
222,10,5,5,0.16,0.975672,11.359206,11.464582,11.800255,-2.039429
223,2,6.4,5,0.16,0.785847,12.909627,13.632633,14.786518,-1.520041
225,5.2,6.4,5,0.16,1.756067,10.512476,11.092722,12.013918,-2.292522
226,6.8,6.4,5,0.16,2.714314,9.724695,10.259188,11.106405,-2.678761
227,8.4,6.4,5,0.16,2.848244,9.090896,9.588956,10.377466,-3.065001
228,10,6.4,5,0.16,4.19854,8.566708,9.034876,9.775349,-3.451242
229,2,7.8,5,0.16,2.014132,10.41645,11.055684,12.146813,-2.249826
231,5.2,7.8,5,0.16,3.317182,8.523951,9.039674,9.916263,-3.363471
232,6.8,7.8,5,0.16,3.819766,7.896194,8.371926,9.179538,-3.920294
233,8.4,7.8,5,0.16,3.945858,7.389276,7.833042,8.585678,-4.477117
235,2,9.2,5,0.16,3.147071,8.852036,9.440841,10.490264,-3.041507
236,3.6,9.2,5,0.16,3.048735,7.950519,8.475215,9.407962,-3.775237
237,5.2,9.2,5,0.16,3.455915,7.277586,7.755244,8.602863,-4.508968
238,6.8,9.2,5,0.16,3.83325,6.750675,7.191965,7.97403,-5.242698
239,8.4,9.2,5,0.16,3.403299,6.323678,6.735778,7.465392,-5.976429
240,10,9.2,5,0.16,3.044875,5.968575,6.356584,7.043011,-6.710159
241,2,10.6,5,0.16,3.009845,7.68729,8.225525,9.226181,-3.9345
242,3.6,10.6,5,0.16,2.85719,6.921814,7.403075,8.295703,-4.860006
243,5.2,10.6,5,0.16,3.054908,6.346802,6.78591,7.599019,-5.785512
244,6.8,10.6,5,0.16,2.703415,5.894569,6.300897,7.052399,-6.711019
245,8.4,10.6,5,0.16,2.409785,5.526892,5.906801,6.608789,-7.636525
246,10,10.6,5,0.16,2.097925,5.220355,5.578388,6.239472,-8.562032
247,2,12,5,0.16,3.024424,6.882841,7.386485,8.362583,-4.772049
248,3.6,12,5,0.16,3.043133,6.212801,6.664484,7.537899,-5.86779
249,5.2,12,5,0.16,2.628008,5.706322,6.119271,6.916508,-6.963531
250,6.8,12,5,0.16,2.295929,5.306236,5.688906,6.426808,-8.059272
252,10,12,5,0.16,2.350394,4.707139,5.04497,5.695338,-10.250754
253,2,5,6.4,0.16,0.871828,12.688946,13.367887,14.310132,-1.546933
254,3.6,5,6.4,0.16,1.138284,11.332335,11.933348,12.769529,-1.940667
255,5.2,5,6.4,0.16,2.064902,10.334113,10.878747,11.638172,-2.334401
256,6.8,5,6.4,0.16,2.513274,9.560138,10.061626,10.762186,-2.728134
257,8.4,5,6.4,0.16,3.789386,8.937393,9.404524,10.058086,-3.121868
259,2,6.4,6.4,0.16,1.962442,11.128378,11.222633,11.537612,-2.260403
260,3.6,6.4,6.4,0.16,6.516699,9.901587,9.983623,10.25974,-2.853038
261,5.2,6.4,6.4,0.16,8.90743,9.007276,9.080759,9.329442,-3.445673
262,6.8,6.4,6.4,0.16,7.838537,8.318238,8.385331,8.613353,-4.043442
263,8.4,6.4,6.4,0.16,6.914947,7.766362,7.828459,8.040211,-4.641534
264,10,6.4,6.4,0.16,6.15278,7.31147,7.369528,7.568042,-5.239625
265,2,7.8,6.4,0.16,5.9899,8.99689,9.503151,9.994818,-3.276616
266,3.6,7.8,6.4,0.16,7.631196,8.020679,8.4669,8.873596,-4.123664
269,8.4,7.8,6.4,0.16,6.063209,6.308688,6.653695,6.9383,-6.66481
270,10,7.8,6.4,0.16,5.204395,5.942157,6.266086,6.528245,-7.511859
271,2,9.2,6.4,0.16,6.152842,7.64573,8.117416,8.820867,-4.377368
272,3.6,9.2,6.4,0.16,5.270668,6.831222,7.247683,7.867458,-5.488873
273,5.2,9.2,6.4,0.16,5.167998,6.231118,6.607951,7.167426,-6.600378
274,6.8,9.2,6.4,0.16,4.814504,5.765451,6.112105,6.625673,-7.711883
275,8.4,9.2,6.4,0.16,4.097748,5.390571,5.713267,6.190462,-8.823388
276,10,9.2,6.4,0.16,3.551029,5.080379,5.383466,5.83096,-9.934894
277,2,10.6,6.4,0.16,6.884277,6.653949,7.094366,7.811806,-5.60445
278,3.6,10.6,6.4,0.16,5.109225,5.957949,6.347838,6.985202,-6.999753
279,5.2,10.6,6.4,0.16,4.982717,5.442354,5.795739,6.374176,-8.395057
280,6.8,10.6,6.4,0.16,3.978814,5.040771,5.366232,5.899186,-9.790361
281,8.4,10.6,6.4,0.16,3.289199,4.716606,5.019829,5.516391,-11.185665
282,10,10.6,6.4,0.16,2.786683,4.447826,4.732806,5.199435,-12.580968
283,2,12,6.4,0.16,5.48677,5.972774,6.39191,7.099196,-6.697535
284,3.6,12,6.4,0.16,5.679199,5.359472,5.731458,6.363861,-8.331459
285,5.2,12,6.4,0.16,4.67345,4.902667,5.240367,5.816689,-9.965383
286,6.8,12,6.4,0.16,3.866436,4.545546,4.856907,5.389441,-11.599306
288,10,12,6.4,0.16,2.789128,4.016319,4.289341,4.757337,-14.867153
289,2,5,7.8,0.16,2.650688,10.180011,10.821251,11.624847,-2.276197
291,5.2,5,7.8,0.16,3.29107,8.330373,8.850281,9.498041,-3.405598
292,6.8,5,7.8,0.16,3.962604,7.71693,8.19709,8.794625,-3.970298
295,2,6.4,7.8,0.16,7.275559,8.880178,9.269483,9.915403,-3.353478
296,3.6,6.4,7.8,0.16,7.592486,7.917835,8.260004,8.821322,-4.221577
297,5.2,6.4,7.8,0.16,6.306877,7.212578,7.521183,8.022934,-5.089676
298,6.8,6.4,7.8,0.16,5.526758,6.667263,6.950464,7.407589,-5.957774
299,8.4,6.4,7.8,0.16,5.545032,6.22938,6.492514,6.914721,-6.825873
300,10,6.4,7.8,0.16,5.031891,5.867752,6.114526,6.508514,-7.693972
301,2,7.8,7.8,0.16,8.94186,7.873389,7.926533,8.117597,-4.683254
302,3.6,7.8,7.8,0.16,7.169244,6.999538,7.045231,7.211926,-5.933864
303,5.2,7.8,7.8,0.16,7.494019,6.36386,6.40445,6.554121,-7.184474
304,6.8,7.8,7.8,0.16,6.15133,5.874783,5.911621,6.048561,-8.435084
309,5.2,9.2,7.8,0.16,5.437652,5.425277,5.718819,5.733383,-9.353221
310,6.8,9.2,7.8,0.16,4.464594,5.011188,5.280495,5.288654,-10.980066
311,8.4,9.2,7.8,0.16,3.762961,4.679349,4.929543,4.933551,-12.60691
312,10,9.2,7.8,0.16,3.708095,4.405719,4.640344,4.641531,-14.233754
313,2,10.6,7.8,0.16,7.148389,5.831193,6.178909,6.526486,-7.727896
314,3.6,10.6,7.8,0.16,5.314813,5.199191,5.50474,5.802621,-9.723509
315,5.2,10.6,7.8,0.16,4.189835,4.735958,5.011582,5.266396,-11.719122
316,6.8,10.6,7.8,0.16,4.461278,4.377768,4.63077,4.855725,-13.714734
319,2,12,7.8,0.16,6.411346,5.243595,5.577517,5.926744,-9.217557
321,5.2,12,7.8,0.16,5.457695,4.270652,4.535859,4.808086,-13.907588
322,6.8,12,7.8,0.16,4.499492,3.950731,4.194283,4.442682,-16.252603
323,8.4,12,7.8,0.16,3.847066,3.693303,3.919731,4.149488,-18.59762
324,10,12,7.8,0.16,3.355867,3.480374,3.692829,3.907516,-20.942636
325,2,5,9.2,0.16,3.435245,8.6128,9.212311,9.958034,-3.057248
326,3.6,5,9.2,0.16,3.018357,7.735079,8.271852,8.934714,-3.795151
327,5.2,5,9.2,0.16,5.267829,7.080124,7.570224,8.1728,-4.533053
329,8.4,5,9.2,0.16,4.26337,6.15191,6.576209,7.095304,-6.008859
330,10,5,9.2,0.16,3.862464,5.806416,6.206346,6.694889,-6.746761
331,2,6.4,9.2,0.16,5.999454,7.521703,7.886197,8.53394,-4.452188
332,3.6,6.4,9.2,0.16,5.004054,6.721226,7.042873,7.611725,-5.585336
333,5.2,6.4,9.2,0.16,4.816316,6.131353,6.422177,6.934748,-6.718484
334,6.8,6.4,9.2,0.16,4.451559,5.67355,5.940889,6.41086,-7.851632
335,8.4,6.4,9.2,0.16,3.76312,5.304946,5.553648,5.98999,-8.984781
337,2,7.8,9.2,0.16,9.303805,6.636418,6.864249,7.126461,-6.208421
339,5.2,7.8,9.2,0.16,5.757992,5.37757,5.555327,5.742243,-9.459313
340,6.8,7.8,9.2,0.16,4.721725,4.967734,5.130122,5.2964,-11.08476
341,8.4,7.8,9.2,0.16,3.979196,4.639207,4.789578,4.940475,-12.710205
343,2,9.2,9.2,0.16,7.458291,5.939989,5.96465,6.08548,-8.296576
344,3.6,9.2,9.2,0.16,5.430441,5.276801,5.29733,5.402367,-10.513131
345,5.2,9.2,9.2,0.16,4.909477,4.795271,4.813095,4.907183,-12.729685
346,6.8,9.2,9.2,0.16,5.163772,4.425254,4.441157,4.527101,-14.946239
347,8.4,9.2,9.2,0.16,4.385671,4.129457,4.143917,4.223505,-17.162792
348,10,9.2,9.2,0.16,3.799546,3.885992,3.899321,3.973773,-19.379348
349,2,10.6,9.2,0.16,5.730814,5.171072,5.392126,5.441312,-10.674288
350,3.6,10.6,9.2,0.16,5.108117,4.597603,4.783446,4.832938,-13.532862
351,5.2,10.6,9.2,0.16,5.209301,4.180284,4.34306,4.391089,-16.391436
352,6.8,10.6,9.2,0.16,4.368052,3.859141,4.005452,4.051561,-19.250011
355,2,12,9.2,0.16,5.375744,4.642873,4.901574,4.973602,-12.959224
356,3.6,12,9.2,0.16,5.600579,4.132878,4.358902,4.408507,-16.418407
357,5.2,12,9.2,0.16,4.57347,3.760607,3.963683,4.000522,-19.87759
358,6.8,12,9.2,0.16,3.811414,3.47355,3.659411,3.688186,-23.336772
359,8.4,12,9.2,0.16,3.171546,3.24351,3.415855,3.43916,-26.795955
360,10,12,9.2,0.16,2.701344,3.053821,3.2152,3.234595,-30.255137
361,2,5,10.6,0.16,3.02315,7.444807,8.012492,8.693366,-3.960351
362,3.6,5,10.6,0.16,4.278229,6.702627,7.213171,7.819614,-4.892127
364,6.8,5,10.6,0.16,3.289029,5.707235,6.141022,6.650986,-6.755681
365,8.4,5,10.6,0.16,2.86113,5.351079,5.757433,6.233687,-7.687458
366,10,5,10.6,0.16,3.250502,5.054183,5.437697,5.88614,-8.619235
367,2,6.4,10.6,0.16,4.955342,6.525345,6.872096,7.514064,-5.67002
368,3.6,6.4,10.6,0.16,4.088202,5.843249,6.150726,6.718086,-7.08608
369,5.2,6.4,10.6,0.16,3.69353,5.33793,5.616821,6.130136,-8.502141
370,6.8,6.4,10.6,0.16,3.072849,4.944317,5.201256,5.673248,-9.918201
371,8.4,6.4,10.6,0.16,2.617031,4.626557,4.865975,5.305108,-11.334261
372,10,6.4,10.6,0.16,2.77767,4.363068,4.588092,5.000315,-12.75032
373,2,7.8,10.6,0.16,6.278677,5.761669,5.979059,6.349,-7.966614
374,3.6,7.8,10.6,0.16,4.830477,5.138413,5.328204,5.648725,-10.027107
375,5.2,7.8,10.6,0.16,3.916888,4.681373,4.85175,5.137957,-12.087599
376,6.8,7.8,10.6,0.16,4.910747,4.327842,4.48366,4.744379,-14.148093
377,8.4,7.8,10.6,0.16,4.269481,4.043882,4.188281,4.42916,-16.208585
379,2,9.2,10.6,0.16,6.571087,5.138832,5.274854,5.393243,-10.678725
380,3.6,9.2,10.6,0.16,5.770823,4.570339,4.687589,4.783362,-13.538317
381,5.2,9.2,10.6,0.16,5.672269,4.156355,4.260739,4.342338,-16.397908
382,6.8,9.2,10.6,0.16,4.677392,3.837624,3.93253,4.004362,-19.257501
383,8.4,9.2,10.6,0.16,3.964113,3.582474,3.670043,3.734699,-22.117093
386,3.6,10.6,10.6,0.16,5.829861,4.109053,4.117861,4.183872,-17.893851
388,6.8,10.6,10.6,0.16,3.80883,3.443301,3.449896,3.503537,-25.48613
389,8.4,10.6,10.6,0.16,3.159842,3.212379,3.218329,3.267885,-29.282268
390,10,10.6,10.6,0.16,2.685355,3.022427,3.027887,3.074155,-33.07841
391,2,12,10.6,0.16,7.262105,4.141389,4.228117,4.283485,-17.535921
392,3.6,12,10.6,0.16,5.556931,3.678164,3.749496,3.796682,-22.253554
393,5.2,12,10.6,0.16,4.268577,3.341974,3.403526,3.445217,-26.971187
394,6.8,12,10.6,0.16,3.4307,3.083727,3.138456,3.176157,-31.688821
396,10,12,10.6,0.16,2.898157,2.707497,2.75322,2.785435,-41.124087
399,5.2,5,12,0.16,3.063894,5.503689,5.948551,6.478995,-6.999804
400,6.8,5,12,0.16,2.822872,5.117485,5.530946,6.021517,-8.100522
401,8.4,5,12,0.16,3.011828,4.802541,5.19038,5.648881,-9.20124
403,2,6.4,12,0.16,5.615943,5.842356,6.169252,6.796492,-6.758518
404,3.6,6.4,12,0.16,5.011384,5.242691,5.533694,6.090879,-8.413844
405,5.2,6.4,12,0.16,3.761849,4.796066,5.060685,5.566457,-10.06917
406,6.8,6.4,12,0.16,2.980513,4.446896,4.691118,5.157238,-11.724496
407,8.4,6.4,12,0.16,2.605044,4.164258,4.392124,4.826519,-13.379822
408,10,6.4,12,0.16,2.289116,3.929413,4.143795,4.552092,-15.035149
409,2,7.8,12,0.16,4.956258,5.171055,5.37552,5.741861,-9.505611
410,3.6,7.8,12,0.16,3.790344,4.619484,4.798365,5.116953,-11.931214
411,5.2,7.8,12,0.16,4.591111,4.213268,4.37404,4.659183,-14.356815
412,6.8,7.8,12,0.16,3.883369,3.898137,4.045278,4.305443,-16.782418
413,8.4,7.8,12,0.16,3.362722,3.644492,3.780915,4.021563,-19.20802
414,10,7.8,12,0.16,2.963127,3.434645,3.562365,3.787246,-21.633621
416,3.6,9.2,12,0.16,6.600474,4.103088,4.210393,4.37689,-16.449424
417,5.2,9.2,12,0.16,5.241323,3.734397,3.829749,3.975047,-19.914133
418,6.8,9.2,12,0.16,4.260225,3.449943,3.536504,3.666451,-23.378843
419,8.4,9.2,12,0.16,3.493567,3.221892,3.301661,3.419938,-26.843553
420,10,9.2,12,0.16,2.940151,3.033782,3.108109,3.217186,-30.308263
421,2,10.6,12,0.16,6.671495,4.131241,4.203938,4.222014,-17.545139
423,5.2,10.6,12,0.16,3.960733,3.335996,3.389968,3.397051,-26.98309
424,6.8,10.6,12,0.16,3.198042,3.078801,3.127386,3.13208,-31.702064
425,8.4,10.6,12,0.16,2.662279,2.873154,2.917642,2.920768,-36.421042
426,10,10.6,12,0.16,2.918664,2.703865,2.745111,2.747155,-41.140016
427,2,12,12,0.16,6.30735,3.737828,3.745437,3.785639,-22.425091
428,3.6,12,12,0.16,4.587334,3.315151,3.323044,3.356395,-28.488193
430,6.8,12,12,0.16,2.935822,2.775179,2.782954,2.808696,-40.614396
431,8.4,12,12,0.16,6.614137,2.588253,2.595856,2.619238,-46.677496
432,10,12,12,0.16,11.666179,2.434621,2.442033,2.463571,-52.740596
433,2,5,5,0.22,0.232685,19.464483,19.88229,20.604404,-0.648555
434,3.6,5,5,0.22,0.244669,17.703259,18.082644,18.736551,-0.784043
435,5.2,5,5,0.22,0.257733,16.346922,16.696775,17.298649,-0.91953
436,6.8,5,5,0.22,0.272332,15.260943,15.5872,16.147715,-1.055017
437,8.4,5,5,0.22,0.288968,14.366035,14.672883,15.199512,-1.190505
438,10,5,5,0.22,0.308282,13.612044,13.902571,14.400783,-1.325992
439,2,6.4,5,0.22,0.356088,14.044616,14.893392,16.366173,-1.195706
441,5.2,6.4,5,0.22,0.48355,11.833885,12.545398,13.778835,-1.684225
444,10,6.4,5,0.22,1.417341,9.877859,10.469427,11.494193,-2.417003
446,3.6,7.8,5,0.22,1.774152,9.989901,10.631862,11.811153,-2.332385
447,5.2,7.8,5,0.22,2.000778,9.249722,9.842945,10.932208,-2.721491
448,6.8,7.8,5,0.22,1.786975,8.652833,9.20694,10.224024,-3.110597
451,2,9.2,5,0.22,2.226886,9.085538,9.700229,10.862975,-2.812217
452,3.6,9.2,5,0.22,2.072486,8.31042,8.871308,9.931537,-3.364399
453,5.2,9.2,5,0.22,1.821532,7.704759,8.223841,9.204535,-3.916581
454,6.8,9.2,5,0.22,1.882215,7.214667,7.700063,8.616751,-4.468762
455,8.4,9.2,5,0.22,1.684474,6.807541,7.265047,8.128795,-5.020944
457,2,10.6,5,0.22,2.119361,7.780307,8.31862,9.368939,-3.819856
458,3.6,10.6,5,0.22,1.869471,7.128082,7.620204,8.579785,-4.556091
459,5.2,10.6,5,0.22,1.804258,6.616323,7.07238,7.961216,-5.292326
460,6.8,10.6,5,0.22,1.84119,6.200943,6.627838,7.459536,-6.028561
461,8.4,10.6,5,0.22,1.628646,5.855067,6.257753,7.042058,-6.764796
462,10,10.6,5,0.22,1.471361,5.561257,5.94343,6.687604,-7.501031
463,2,12,5,0.22,2.280481,6.897602,7.386595,8.372895,-4.782645
465,5.2,12,5,0.22,1.907718,5.882457,6.298021,7.135321,-6.591713
467,8.4,12,5,0.22,1.43029,5.214105,5.581679,6.321815,-8.400782
468,10,12,5,0.22,1.323686,4.955308,5.304372,6.007074,-9.305316
469,2,5,6.4,0.22,0.396976,13.587974,14.672922,15.581151,-1.223934
470,3.6,5,6.4,0.22,0.454185,12.382313,13.369238,14.194518,-1.474273
472,6.8,5,6.4,0.22,0.744659,10.699548,11.550243,12.260933,-1.97495
473,8.4,5,6.4,0.22,1.425012,10.080069,10.880801,11.549606,-2.225289
474,10,5,6.4,0.22,1.28912,9.557031,10.31566,10.949212,-2.475628
476,3.6,6.4,6.4,0.22,0.79344,11.29274,11.525546,11.927245,-1.97547
477,5.2,6.4,6.4,0.22,1.466163,10.425032,10.639503,11.008949,-2.317526
478,6.8,6.4,6.4,0.22,2.400166,9.73072,9.930578,10.27444,-2.659583
479,8.4,6.4,6.4,0.22,2.223844,9.158837,9.346702,9.669632,-3.00164
480,10,6.4,6.4,0.22,3.096849,8.677188,8.854979,9.160377,-3.343697
481,2,7.8,6.4,0.22,1.935836,9.753038,10.365852,11.448586,-2.507086
482,3.6,7.8,6.4,0.22,2.167729,8.880797,9.436523,10.4171,-3.025054
483,5.2,7.8,6.4,0.22,3.375991,8.207056,8.71911,9.621743,-3.543021
484,6.8,7.8,6.4,0.22,3.035741,7.666448,8.143708,8.984371,-4.060989
485,8.4,7.8,6.4,0.22,2.739495,7.220232,7.668935,8.458803,-4.578957
486,10,7.8,6.4,0.22,2.486726,6.843804,7.268522,8.015778,-5.096925
487,2,9.2,6.4,0.22,2.36268,8.033967,8.579189,9.598352,-3.612723
488,3.6,9.2,6.4,0.22,3.429794,7.326608,7.821892,8.746551,-4.347797
489,5.2,9.2,6.4,0.22,3.072876,6.77809,7.235,8.087248,-5.082869
490,6.8,9.2,6.4,0.22,2.757257,6.336712,6.762954,7.557458,-5.817942
491,8.4,9.2,6.4,0.22,2.478279,5.971618,6.372626,7.1197,-6.553015
493,2,10.6,6.4,0.22,2.266927,6.840007,7.323822,8.258753,-4.930314
494,3.6,10.6,6.4,0.22,2.975365,6.246431,6.686691,7.536471,-5.917837
495,5.2,10.6,6.4,0.22,2.595845,5.784507,6.191151,6.975385,-6.905361
497,8.4,10.6,6.4,0.22,2.149096,5.10298,5.460443,6.149048,-8.880408
498,10,10.6,6.4,0.22,2.364885,4.841576,5.1803,5.832545,-9.867932
499,2,12,6.4,0.22,2.463415,6.039935,6.482361,7.364867,-6.202486
500,3.6,12,6.4,0.22,2.110934,5.523585,5.926831,6.730261,-7.424927
501,5.2,12,6.4,0.22,1.829972,5.120294,5.493176,6.235481,-8.647368
502,6.8,12,6.4,0.22,1.992628,4.794068,5.142531,5.835782,-9.869809
503,8.4,12,6.4,0.22,1.732816,4.523139,4.851418,5.504182,-11.09225
504,10,12,6.4,0.22,1.529366,4.293475,4.604707,5.223323,-12.314691
505,2,5,7.8,0.22,1.009303,10.483315,11.501048,12.152235,-1.979509
507,5.2,5,7.8,0.22,1.412922,8.861946,9.720988,10.267421,-2.772349
508,6.8,5,7.8,0.22,1.688483,8.290019,9.093163,9.603182,-3.16877
509,8.4,5,7.8,0.22,1.6169,7.816175,8.573052,9.053088,-3.56519
510,10,5,7.8,0.22,1.472354,7.415256,8.13302,8.587809,-3.961611
511,2,6.4,7.8,0.22,1.753701,9.487969,10.143452,10.93556,-2.587475
512,3.6,6.4,7.8,0.22,2.444102,8.639737,9.234821,9.953459,-3.122783
514,6.8,6.4,7.8,0.22,2.368977,7.458745,7.970414,8.588053,-4.193399
515,8.4,6.4,7.8,0.22,2.111146,7.024758,7.505976,8.086831,-4.728707
516,10,6.4,7.8,0.22,1.904116,6.658633,7.114245,7.664193,-5.264015
518,3.6,7.8,7.8,0.22,4.413932,7.96077,8.112522,8.375164,-3.99596
519,5.2,7.8,7.8,0.22,3.821071,7.347323,7.486948,7.728171,-4.697862
520,6.8,7.8,7.8,0.22,3.336846,6.856767,6.986755,7.211044,-5.399764
521,8.4,7.8,7.8,0.22,3.704021,6.4529,6.574998,6.785469,-6.101665
522,10,7.8,7.8,0.22,3.230639,6.112882,6.228365,6.427284,-6.803567
523,2,9.2,7.8,0.22,4.981454,7.293116,7.76834,8.194127,-4.448569
524,3.6,9.2,7.8,0.22,4.17514,6.636353,7.066537,7.437729,-5.374755
526,6.8,9.2,7.8,0.22,3.786829,5.724064,6.0927,6.39589,-7.227127
527,8.4,9.2,7.8,0.22,3.249875,5.389391,5.73572,6.01598,-8.153312
529,2,10.6,7.8,0.22,2.716416,6.179023,6.60721,7.409908,-6.113065
530,3.6,10.6,7.8,0.22,2.225964,5.629214,6.017343,6.74363,-7.371422
531,5.2,10.6,7.8,0.22,2.162619,5.20397,5.56148,6.229607,-8.629778
532,6.8,10.6,7.8,0.22,1.804709,4.862435,5.195569,5.817537,-9.888135
533,8.4,10.6,7.8,0.22,1.550018,4.580335,4.893472,5.477664,-11.146492
534,10,10.6,7.8,0.22,1.325986,4.342225,4.638575,5.191114,-12.404849
535,2,12,7.8,0.22,3.978947,5.438386,5.832855,6.600469,-7.705418
536,3.6,12,7.8,0.22,3.102997,4.960444,5.318496,6.013973,-9.270432
537,5.2,12,7.8,0.22,2.514788,4.589637,4.919754,5.560131,-10.835446
539,8.4,12,7.8,0.22,1.786914,4.044192,4.333688,4.894284,-13.965474
541,2,5,9.2,0.22,1.950005,8.63721,9.588834,10.102881,-2.858199
542,3.6,5,9.2,0.22,1.892739,7.899992,8.770124,9.237833,-3.41845
543,5.2,5,9.2,0.22,1.77244,7.324044,8.130484,8.562485,-3.978702
544,6.8,5,9.2,0.22,1.978912,6.858047,7.612956,8.016351,-4.538953
545,8.4,5,9.2,0.22,1.887138,6.470965,7.183079,7.562891,-5.099204
546,10,5,9.2,0.22,1.719778,6.142782,6.818625,7.17856,-5.659456
547,2,6.4,9.2,0.22,2.233251,7.773734,8.379841,9.06779,-3.685742
548,3.6,6.4,9.2,0.22,4.789342,7.089416,7.640907,8.265586,-4.436476
549,5.2,6.4,9.2,0.22,4.429179,6.558772,7.068085,7.644246,-5.187209
550,6.8,6.4,9.2,0.22,3.83668,6.131774,6.607266,7.144698,-5.937943
551,8.4,6.4,9.2,0.22,3.361996,5.778567,6.226167,6.731756,-6.688677
552,10,6.4,9.2,0.22,2.912621,5.480094,5.904182,6.382991,-7.439411
553,2,7.8,9.2,0.22,3.957099,7.12697,7.550588,8.249075,-4.671219
554,3.6,7.8,9.2,0.22,3.364228,6.485637,6.869213,7.50211,-5.645652
555,5.2,7.8,9.2,0.22,2.804095,5.991036,6.344054,6.926927,-6.620086
556,6.8,7.8,9.2,0.22,3.069547,5.59462,5.923346,6.466443,-7.594519
557,8.4,7.8,9.2,0.22,2.635744,5.2677,5.576523,6.087012,-8.568953
558,10,7.8,9.2,0.22,2.30153,4.992095,5.284228,5.764814,-9.543386
559,2,9.2,9.2,0.22,4.3085,6.619601,6.728964,6.928472,-5.882648
560,3.6,9.2,9.2,0.22,4.058319,6.014449,6.113152,6.29295,-7.135554
562,6.8,9.2,9.2,0.22,2.790296,5.178154,5.262393,5.415609,-9.641365
563,8.4,9.2,9.2,0.22,2.39647,4.872476,4.951504,5.09518,-10.894272
566,3.6,10.6,9.2,0.22,3.476871,5.158267,5.497655,5.635176,-9.138179
567,5.2,10.6,9.2,0.22,2.837555,4.762492,5.074493,5.195415,-10.745222
568,6.8,10.6,9.2,0.22,2.383146,4.44569,4.736,4.844726,-12.352264
569,8.4,10.6,9.2,0.22,2.45922,4.184681,4.457264,4.556615,-13.959307
570,10,10.6,9.2,0.22,2.691587,3.964812,4.222558,4.314447,-15.56635
573,5.2,12,9.2,0.22,2.482086,4.184087,4.47343,4.869054,-13.239587
574,6.8,12,9.2,0.22,2.528497,3.907805,4.177143,4.544469,-15.207156
575,8.4,12,9.2,0.22,2.202968,3.679862,3.932831,4.277105,-17.180445
577,2,5,10.6,0.22,1.925595,7.33879,8.242302,8.639824,-3.905183
579,5.2,5,10.6,0.22,1.877022,6.240252,7.008557,7.34302,-5.405442
580,6.8,5,10.6,0.22,1.661799,5.848329,6.568329,6.880755,-6.155571
581,8.4,5,10.6,0.22,1.49104,5.522017,6.201785,6.496025,-6.905701
582,10,5,10.6,0.22,1.34888,5.244845,5.890436,6.169337,-7.65583
583,2,6.4,10.6,0.22,3.423671,6.584633,7.152967,7.741642,-4.999398
584,3.6,6.4,10.6,0.22,2.991343,6.013235,6.531432,7.066555,-6.001285
585,5.2,6.4,10.6,0.22,2.630714,5.568595,6.047871,6.541811,-7.003172
586,6.8,6.4,10.6,0.22,2.281073,5.209884,5.657832,6.11883,-8.005059
587,8.4,6.4,10.6,0.22,2.665747,4.912584,5.334619,5.768492,-9.006946
588,10,6.4,10.6,0.22,2.350836,4.660966,5.061108,5.472141,-10.008833
589,2,7.8,10.6,0.22,2.875983,6.014578,6.409766,7.032406,-6.322389
590,3.6,7.8,10.6,0.22,2.90637,5.479733,5.838277,6.402879,-7.625617
591,5.2,7.8,10.6,0.22,2.51448,5.066023,5.396462,5.916707,-8.928846
592,6.8,7.8,10.6,0.22,2.131066,4.733723,5.041739,5.526663,-10.232074
593,8.4,7.8,10.6,0.22,1.841792,4.459229,4.748826,5.204762,-11.535302
594,10,7.8,10.6,0.22,1.673861,4.227524,4.501642,4.933236,-12.83853
595,2,9.2,10.6,0.22,4.185603,5.562115,5.850209,6.28151,-7.774155
596,3.6,9.2,10.6,0.22,3.301414,5.058556,5.318756,5.700049,-9.405532
597,5.2,9.2,10.6,0.22,2.705865,4.6708,4.909839,5.25484,-11.03691
598,6.8,9.2,10.6,0.22,2.279765,4.360362,4.582652,4.899863,-12.668287
599,8.4,9.2,10.6,0.22,2.170903,4.104561,4.313175,4.608266,-14.299665
600,10,9.2,10.6,0.22,2.582056,3.889054,4.08623,4.363194,-15.931042
601,2,10.6,10.6,0.22,3.49244,5.189242,5.264709,5.40473,-9.704858
602,3.6,10.6,10.6,0.22,2.741023,4.713046,4.780954,4.906906,-11.787212
603,5.2,10.6,10.6,0.22,3.070666,4.347632,4.409852,4.525238,-13.869564
604,6.8,10.6,10.6,0.22,2.843613,4.055811,4.113555,4.220639,-15.951918
605,8.4,10.6,10.6,0.22,2.474944,3.815804,3.869909,3.97025,-18.034272
606,10,10.6,10.6,0.22,2.187593,3.613898,3.664972,3.759698,-20.116623
607,2,12,10.6,0.22,3.172128,4.596111,4.880686,4.899869,-12.126478
608,3.6,12,10.6,0.22,3.734688,4.177154,4.428291,4.4513,-14.724631
609,5.2,12,10.6,0.22,3.098039,3.855088,4.082052,4.106843,-17.322782
610,6.8,12,10.6,0.22,2.641793,3.597558,3.806061,3.831628,-19.920934
611,8.4,12,10.6,0.22,2.298903,3.385555,3.579391,3.605198,-22.519087
613,2,5,12,0.22,2.275543,6.466407,7.324308,7.666534,-4.911913
614,3.6,5,12,0.22,1.92732,5.933724,6.721189,7.033116,-5.836033
615,5.2,5,12,0.22,1.633009,5.514075,6.245945,6.534412,-6.760153
616,6.8,5,12,0.22,1.448363,5.172436,5.858996,6.128607,-7.684273
617,8.4,5,12,0.22,1.814802,4.8873,5.53602,5.790048,-8.608392
618,10,5,12,0.22,1.603778,4.64464,5.261144,5.502011,-9.532512
619,2,6.4,12,0.22,2.630751,5.791683,6.323574,6.860661,-6.260012
620,3.6,6.4,12,0.22,2.235756,5.296511,5.782361,6.27118,-7.493585
621,5.2,6.4,12,0.22,2.377622,4.909797,5.359738,5.811319,-8.727157
622,6.8,6.4,12,0.22,2.084605,4.596993,5.017932,5.439661,-9.96073
623,8.4,6.4,12,0.22,1.805042,4.337219,4.734106,5.131211,-11.194303
624,10,6.4,12,0.22,1.587321,4.117011,4.493536,4.869881,-12.427875
625,2,7.8,12,0.22,2.900741,5.278946,5.645347,6.223896,-7.904134
626,3.6,7.8,12,0.22,2.271636,4.815279,5.148241,5.673401,-9.512089
627,5.2,7.8,12,0.22,1.851091,4.45552,4.762728,5.246973,-11.120045
629,8.4,7.8,12,0.22,1.48203,3.926271,4.195902,4.620679,-14.335955
631,2,9.2,12,0.22,2.921854,4.867715,5.133286,5.605759,-9.813087
632,3.6,9.2,12,0.22,2.32771,4.431484,4.671628,5.097667,-11.852363
633,5.2,9.2,12,0.22,1.952,4.0947,4.315491,4.706381,-13.891639
635,8.4,9.2,12,0.22,2.127091,3.601662,3.794545,4.135046,-17.970191
636,10,9.2,12,0.22,1.886614,3.413663,3.596031,3.917639,-20.009467
637,2,10.6,12,0.22,3.221637,4.522856,4.719403,4.931668,-12.148446
638,3.6,10.6,12,0.22,3.795282,4.111189,4.28808,4.473916,-14.750613
639,5.2,10.6,12,0.22,3.163444,3.794622,3.956719,4.123693,-17.352778
640,6.8,10.6,12,0.22,2.704437,3.541425,3.691881,3.844595,-19.954944
641,8.4,10.6,12,0.22,2.358268,3.332946,3.473939,3.615416,-22.55711
642,10,10.6,12,0.22,2.033176,3.157408,3.290515,3.42286,-25.159275
643,2,12,12,0.22,3.233065,4.232895,4.282945,4.380675,-15.13028
644,3.6,12,12,0.22,2.599697,3.843053,3.887843,3.975504,-18.38891
645,5.2,12,12,0.22,2.163867,3.544183,3.58506,3.665208,-21.647539
646,6.8,12,12,0.22,2.002282,3.305665,3.343488,3.417759,-24.90617
647,8.4,12,12,0.22,1.693633,3.109594,3.144952,3.214467,-28.1648
648,10,12,12,0.22,1.460561,2.944714,2.97803,3.043595,-31.423431
650,3.6,5,5,0.28,0.128457,20.381998,21.023382,21.828251,-0.583853
652,6.8,5,5,0.28,0.136471,17.886545,18.449257,19.154409,-0.757861
653,8.4,5,5,0.28,0.140886,16.939409,17.472256,18.139654,-0.844865
654,10,5,5,0.28,0.145647,16.12834,16.635611,17.270723,-0.931869
655,2,6.4,5,0.28,0.197512,15.598219,16.520752,18.207689,-0.966507
656,3.6,6.4,5,0.28,0.213067,14.407072,15.258049,16.814137,-1.132688
657,5.2,6.4,5,0.28,0.232134,13.452694,14.246514,15.698081,-1.298869
658,6.8,6.4,5,0.28,0.256322,12.665815,13.412622,14.778219,-1.46505
659,8.4,6.4,5,0.28,0.288408,12.002567,12.709826,14.003098,-1.631231
660,10,6.4,5,0.28,0.333758,11.433643,12.107032,13.338365,-1.797412
661,2,7.8,5,0.28,0.396412,11.840906,12.589113,14.046169,-1.66566
663,5.2,7.8,5,0.28,0.937092,10.236612,10.882105,12.138747,-2.229844
664,6.8,7.8,5,0.28,1.087252,9.645473,10.25326,11.436368,-2.511935
665,8.4,7.8,5,0.28,1.361264,9.146152,9.722145,10.843266,-2.794027
667,2,9.2,5,0.28,1.29907,9.645825,10.27541,11.527599,-2.527494
668,3.6,9.2,5,0.28,1.578584,8.93317,9.515648,10.673855,-2.948984
671,8.4,9.2,5,0.28,1.317632,7.478119,7.964796,8.932054,-4.213452
672,10,9.2,5,0.28,1.196881,7.130898,7.594785,8.516653,-4.634941
673,2,10.6,5,0.28,1.703487,8.162205,8.696427,9.784665,-3.551309
674,3.6,10.6,5,0.28,1.492427,7.567985,8.062867,9.070743,-4.134856
675,5.2,10.6,5,0.28,1.547034,7.087071,7.550183,8.493189,-4.718404
676,6.8,10.6,5,0.28,1.385111,6.687513,7.124272,8.013495,-5.301952
677,8.4,10.6,5,0.28,1.257481,6.348693,6.763137,7.606831,-5.8855
680,3.6,12,5,0.28,1.589841,6.65363,7.092018,8.008574,-5.303912
681,5.2,12,5,0.28,1.627477,6.23655,6.647189,7.505587,-6.04245
683,8.4,12,5,0.28,1.253922,5.594033,5.962017,6.731064,-7.519526
684,10,12,5,0.28,1.121389,5.339227,5.690324,6.424015,-8.258065
685,2,5,6.4,0.28,0.219216,14.860403,16.393957,17.137123,-0.995579
686,3.6,5,6.4,0.28,0.236712,13.725526,15.141278,15.826688,-1.166881
687,5.2,5,6.4,0.28,0.258459,12.816272,14.137702,14.777036,-1.338183
688,6.8,5,6.4,0.28,0.287121,12.066615,13.310329,13.911794,-1.509485
693,5.2,6.4,6.4,0.28,0.364002,11.954668,12.331019,12.800636,-1.708518
694,6.8,6.4,6.4,0.28,0.453447,11.245648,11.599556,12.040777,-1.93027
695,8.4,6.4,6.4,0.28,0.631944,10.64942,10.984464,11.401877,-2.152021
696,10,6.4,6.4,0.28,1.162189,10.138944,10.457845,10.854923,-2.373772
697,2,7.8,6.4,0.28,0.665077,10.700558,11.363872,12.604356,-2.039513
698,3.6,7.8,6.4,0.28,1.180878,9.879288,10.490535,11.633192,-2.39306
699,5.2,7.8,6.4,0.28,1.467687,9.221972,9.791736,10.856528,-2.746607
700,6.8,7.8,6.4,0.28,1.324349,8.680461,9.216171,10.217092,-3.100154
702,10,7.8,6.4,0.28,1.529994,7.833258,8.315897,9.217359,-3.807248
703,2,9.2,6.4,0.28,1.577389,8.601942,9.180807,10.323475,-3.106017
704,3.6,9.2,6.4,0.28,1.504515,7.950408,8.484517,9.538312,-3.637996
705,5.2,9.2,6.4,0.28,1.531972,7.427458,7.92579,8.908628,-4.169975
706,6.8,9.2,6.4,0.28,1.373578,6.995713,7.464602,8.389096,-4.701954
709,2,10.6,6.4,0.28,1.528151,7.198444,7.698169,8.712352,-4.435224
710,3.6,10.6,6.4,0.28,1.523174,6.659725,7.121358,8.057814,-5.185587
711,5.2,10.6,6.4,0.28,1.502204,6.226223,6.657312,7.531511,-5.935951
712,6.8,10.6,6.4,0.28,1.319752,5.86763,6.273525,7.096412,-6.686314
714,10,10.6,6.4,0.28,1.125359,5.304127,5.670554,6.413134,-8.187041
715,2,12,6.4,0.28,1.753368,6.266457,6.711411,7.637368,-5.794944
717,5.2,12,6.4,0.28,1.335796,5.429779,5.81438,6.61413,-7.730533
719,8.4,12,6.4,0.28,1.250113,4.857977,5.201552,5.915656,-9.666122
721,2,5,7.8,0.28,0.461321,11.105964,12.571985,12.967811,-1.726146
723,5.2,5,7.8,0.28,1.110837,9.600989,10.867957,11.208147,-2.310114
724,6.8,5,7.8,0.28,1.000648,9.046496,10.240123,10.560062,-2.602098
725,8.4,5,7.8,0.28,1.218459,8.578144,9.709832,10.012758,-2.894082
726,10,5,7.8,0.28,1.122015,8.17572,9.254197,9.542566,-3.186065
727,2,6.4,7.8,0.28,0.992327,10.258224,11.196932,11.896873,-2.117737
728,3.6,6.4,7.8,0.28,1.097586,9.470969,10.336928,10.981749,-2.485196
729,5.2,6.4,7.8,0.28,1.01683,8.840885,9.648701,10.249664,-2.852654
730,6.8,6.4,7.8,0.28,1.240671,8.32181,9.081785,9.646778,-3.220113
731,8.4,6.4,7.8,0.28,1.309629,7.884568,8.604291,9.139086,-3.587571
732,10,6.4,7.8,0.28,1.578384,7.509701,8.194946,8.703921,-3.95503
733,2,7.8,7.8,0.28,1.650614,9.679523,9.974332,10.341612,-2.556314
734,3.6,7.8,7.8,0.28,1.708774,8.925668,9.197301,9.535082,-3.005381
736,6.8,7.8,7.8,0.28,2.445809,7.829964,8.067962,8.363213,-3.903513
737,8.4,7.8,7.8,0.28,2.222337,7.414399,7.639661,7.918884,-4.352579
738,10,7.8,7.8,0.28,2.0288,7.058657,7.273027,7.538573,-4.801646
739,2,9.2,7.8,0.28,2.196312,7.930987,8.448009,9.244044,-3.644956
740,3.6,9.2,7.8,0.28,2.348708,7.3198,7.795802,8.516398,-4.280245
741,5.2,9.2,7.8,0.28,2.085667,6.83105,7.274446,7.937238,-4.915535
742,6.8,9.2,7.8,0.28,1.864826,6.428673,6.84535,7.462103,-5.550825
743,8.4,9.2,7.8,0.28,1.663032,6.08991,6.484174,7.063181,-6.186114
744,10,9.2,7.8,0.28,1.878564,5.799596,6.17471,6.722063,-6.821403
745,2,10.6,7.8,0.28,2.254556,6.580091,7.038966,7.949611,-5.239334
746,3.6,10.6,7.8,0.28,1.92618,6.078081,6.500997,7.339654,-6.144071
747,5.2,10.6,7.8,0.28,1.63098,5.675765,6.070018,6.851399,-7.048807
748,6.8,10.6,7.8,0.28,1.806326,5.344001,5.714718,6.449131,-7.953543
749,8.4,10.6,7.8,0.28,1.570056,5.064328,5.41527,6.110266,-8.85828
750,10,10.6,7.8,0.28,1.384512,4.824405,5.158429,5.819734,-9.763016
751,2,12,7.8,0.28,1.758239,5.689141,6.102309,6.949114,-6.902722
752,3.6,12,7.8,0.28,1.429506,5.259677,5.640863,6.421542,-8.081772
753,5.2,12,7.8,0.28,1.649217,4.914716,5.270341,5.998263,-9.260822
754,6.8,12,7.8,0.28,1.401532,4.62976,4.964352,5.648923,-10.439872
755,8.4,12,7.8,0.28,1.213392,4.38922,4.706112,5.354244,-11.618922
756,10,12,7.8,0.28,1.064763,4.182643,4.484374,5.101319,-12.797972
757,2,5,9.2,0.28,1.196541,8.929398,10.321501,10.503231,-2.648118
758,3.6,5,9.2,0.28,1.441957,8.269475,9.558691,9.725864,-3.088227
760,6.8,5,9.2,0.28,1.235503,7.295781,8.433104,8.579309,-3.968446
761,8.4,5,9.2,0.28,1.444475,6.922286,8.00133,8.139637,-4.408556
763,2,6.4,9.2,0.28,1.456124,8.171002,9.05344,9.604203,-3.200137
764,3.6,6.4,9.2,0.28,1.30741,7.552107,8.367259,8.874947,-3.748094
765,5.2,6.4,9.2,0.28,1.240808,7.055371,7.816559,8.289921,-4.296051
766,6.8,6.4,9.2,0.28,1.870364,6.645275,7.361945,7.807119,-4.844009
767,8.4,6.4,9.2,0.28,1.947116,6.299252,6.978387,7.399876,-5.391967
768,10,6.4,9.2,0.28,1.800146,6.00219,6.649121,7.050344,-5.939924
771,5.2,7.8,9.2,0.28,1.550161,6.583207,7.116866,7.673656,-5.170859
772,6.8,7.8,9.2,0.28,1.561714,6.195521,6.697309,7.220541,-5.839887
774,10,7.8,9.2,0.28,1.356616,5.58939,6.041486,6.512537,-7.177942
775,2,9.2,9.2,0.28,2.919322,7.245686,7.448419,7.707255,-4.587157
776,3.6,9.2,9.2,0.28,2.505604,6.680464,6.867118,7.105018,-5.40274
777,5.2,9.2,9.2,0.28,2.734509,6.229684,6.403548,6.624869,-6.218323
778,6.8,9.2,9.2,0.28,2.333627,5.859317,6.022695,6.23047,-7.033905
779,8.4,9.2,9.2,0.28,2.033395,5.547993,5.702574,5.899015,-7.849488
781,2,10.6,9.2,0.28,2.482456,6.13583,6.5509,6.934235,-6.037798
782,3.6,10.6,9.2,0.28,2.815192,5.661033,6.042884,6.38817,-7.095756
783,5.2,10.6,9.2,0.28,2.367028,5.281689,5.637185,5.953578,-8.153714
784,6.8,10.6,9.2,0.28,2.032545,4.969593,5.303523,5.59707,-9.211672
785,8.4,10.6,9.2,0.28,1.775117,4.706977,5.022838,5.297763,-10.26963
786,10,10.6,9.2,0.28,1.570445,4.482016,4.782452,5.041837,-11.327587
787,2,12,9.2,0.28,1.774094,5.274112,5.653611,6.413876,-7.977551
788,3.6,12,9.2,0.28,1.438343,4.869635,5.219059,5.918396,-9.362329
789,5.2,12,9.2,0.28,1.200981,4.545841,4.871351,5.522355,-10.747381
790,6.8,12,9.2,0.28,1.025361,4.279057,4.584964,5.196424,-12.132868
791,8.4,12,9.2,0.28,1.147606,4.054308,4.343771,4.922101,-13.518355
792,10,12,9.2,0.28,1.032535,3.861607,4.137017,4.687071,-14.903842
793,2,5,10.6,0.28,1.727677,7.46095,8.797564,8.812677,-3.790175
794,3.6,5,10.6,0.28,1.494627,6.917579,8.156976,8.169992,-4.409786
795,5.2,5,10.6,0.28,1.817424,6.477868,7.638538,7.650042,-5.029398
797,8.4,5,10.6,0.28,1.490775,5.802817,6.84256,6.852025,-6.268622
798,10,5,10.6,0.28,1.36079,5.535829,6.52773,6.536473,-6.888234
799,2,6.4,10.6,0.28,1.586147,6.778999,7.616331,8.023187,-4.572544
800,3.6,6.4,10.6,0.28,1.547297,6.271636,7.046043,7.421301,-5.344999
801,5.2,6.4,10.6,0.28,1.394041,5.863384,6.587172,6.937212,-6.117453
802,6.8,6.4,10.6,0.28,1.258706,5.525688,6.20762,6.536927,-6.889908
803,8.4,6.4,10.6,0.28,1.142002,5.240322,5.886898,6.198768,-7.662362
804,10,6.4,10.6,0.28,1.354311,4.995034,5.61123,5.90817,-8.434816
806,3.6,7.8,10.6,0.28,2.522108,5.819073,6.359472,6.863503,-6.386208
807,5.2,7.8,10.6,0.28,2.154052,5.433979,5.938181,6.407896,-7.326894
808,6.8,7.8,10.6,0.28,2.347592,5.116413,5.590817,6.032387,-8.267581
809,8.4,7.8,10.6,0.28,2.013875,4.848703,5.298026,5.71597,-9.208268
810,10,7.8,10.6,0.28,1.756869,4.619039,5.046872,5.444617,-10.148954
811,2,9.2,10.6,0.28,1.856302,5.936973,6.372,6.958519,-6.38331
812,3.6,9.2,10.6,0.28,1.703613,5.477762,5.878351,6.41801,-7.50246
813,5.2,9.2,10.6,0.28,1.429922,5.110847,5.484035,5.986521,-8.62161
814,6.8,9.2,10.6,0.28,1.226336,4.80896,5.159679,5.631748,-9.740761
817,2,10.6,10.6,0.28,2.465996,5.649349,5.796426,5.985283,-7.502779
818,3.6,10.6,10.6,0.28,2.013219,5.207669,5.342975,5.516423,-8.837482
819,5.2,10.6,10.6,0.28,1.690898,4.855589,4.981549,5.142819,-10.172185
820,6.8,10.6,10.6,0.28,1.450564,4.566422,4.684731,4.836066,-11.506887
821,8.4,10.6,10.6,0.28,1.699441,4.323424,4.435323,4.578351,-12.841591
823,2,12,10.6,0.28,2.578255,4.95383,5.297083,5.414412,-9.43071
824,3.6,12,10.6,0.28,2.103628,4.569207,4.884746,4.987519,-11.1145
825,5.2,12,10.6,0.28,1.767031,4.26213,4.555724,4.647862,-12.798288
826,6.8,12,10.6,0.28,2.268663,4.00963,4.285293,4.369288,-14.482077
829,2,5,12,0.28,1.78294,6.486311,7.698853,7.767322,-4.943721
830,3.6,5,12,0.28,1.569773,6.021212,7.146077,7.210555,-5.738062
831,5.2,5,12,0.28,1.392311,5.643641,6.697436,6.758506,-6.532404
832,6.8,5,12,0.28,1.245127,5.329199,6.32388,6.382006,-7.326745
833,8.4,5,12,0.28,1.395186,5.062057,6.006563,6.062121,-8.121086
835,2,6.4,12,0.28,1.633844,5.861785,6.653791,6.978457,-5.97996
836,3.6,6.4,12,0.28,1.407552,5.428572,6.161891,6.461529,-6.975771
837,5.2,6.4,12,0.28,1.224081,5.07906,5.765028,6.04466,-7.971582
838,6.8,6.4,12,0.28,1.353943,4.789367,5.436095,5.699257,-8.967393
839,8.4,6.4,12,0.28,1.188603,4.544175,5.157696,5.406995,-9.963204
840,10,6.4,12,0.28,1.056066,4.333147,4.918096,5.155515,-10.959014
841,2,7.8,12,0.28,2.169634,5.419735,5.968859,6.444846,-7.121339
842,3.6,7.8,12,0.28,1.910059,5.010677,5.517888,5.956716,-8.337288
844,6.8,7.8,12,0.28,1.812945,4.410687,4.856562,5.241421,-10.769187
845,8.4,7.8,12,0.28,1.594858,4.181571,4.604071,4.968473,-11.985137
846,10,7.8,12,0.28,1.419846,3.984802,4.38725,4.734144,-13.201087
849,5.2,9.2,12,0.28,1.461294,4.381447,4.730528,5.186518,-11.312106
851,8.4,9.2,12,0.28,1.101299,3.907865,4.218584,4.624089,-14.229288
854,3.6,10.6,12,0.28,1.635259,4.439143,4.726638,5.089338,-11.588087
856,6.8,10.6,12,0.28,1.351441,3.895804,4.147129,4.458116,-15.055836
857,8.4,10.6,12,0.28,1.55918,3.689562,3.92725,4.219396,-16.78971
858,10,10.6,12,0.28,1.396117,3.51294,3.73899,4.015317,-18.523585
859,2,12,12,0.28,1.968023,4.590067,4.697296,4.837137,-11.58744
860,3.6,12,12,0.28,2.154179,4.230498,4.329021,4.457309,-13.659085
861,5.2,12,12,0.28,2.042111,3.943995,4.035628,4.154809,-15.73525
862,6.8,12,12,0.28,1.778093,3.708762,3.794768,3.906534,-17.812651
864,10,12,12,0.28,1.407567,3.342064,3.41935,3.519664,-21.967456
865,2,5,5,0.34,0.078792,25.145279,26.124203,26.918623,-0.398061
866,3.6,5,5,0.34,0.080406,23.432566,24.345041,25.087946,-0.45752
867,5.2,5,5,0.34,0.082048,22.027931,22.885843,23.586067,-0.516979
868,6.8,5,5,0.34,0.083737,20.84889,21.660965,22.325085,-0.576438
869,8.4,5,5,0.34,0.085489,19.840889,20.613754,21.246819,-0.635897
870,10,5,5,0.34,0.087314,18.966217,19.705046,20.311029,-0.695356
871,2,6.4,5,0.34,0.123613,17.53488,18.493263,20.300207,-0.785757
872,3.6,6.4,5,0.34,0.127981,16.357143,17.25069,18.935862,-0.902609
873,5.2,6.4,5,0.34,0.134434,15.388654,16.228949,17.814026,-1.01946
874,6.8,6.4,5,0.34,0.141739,14.574005,15.369551,16.870464,-1.136312
875,8.4,6.4,5,0.34,0.150127,13.876363,14.633617,16.062483,-1.253163
876,10,6.4,5,0.34,0.159905,13.270164,13.994169,15.360449,-1.370015
877,2,7.8,5,0.34,0.225887,13.076802,13.861134,15.458591,-1.396283
878,3.6,7.8,5,0.34,0.258029,12.211079,12.943048,14.433845,-1.601521
879,5.2,7.8,5,0.34,0.306046,11.497227,12.186081,13.589051,-1.806758
880,6.8,7.8,5,0.34,0.388518,10.895484,11.548037,12.877059,-2.011996
881,8.4,7.8,5,0.34,0.573016,10.379283,11.000724,12.266371,-2.217233
882,10,7.8,5,0.34,0.762399,9.93011,10.5245,11.735045,-2.422471
883,2,9.2,5,0.34,0.632764,10.49929,11.146583,12.491964,-2.183134
884,3.6,9.2,5,0.34,0.930544,9.814044,10.418782,11.675591,-2.500016
885,5.2,9.2,5,0.34,1.229779,9.247504,9.817102,11.000787,-2.816899
886,6.8,9.2,5,0.34,1.123331,8.76894,9.308884,10.430872,-3.133782
888,10,9.2,5,0.34,0.993602,7.999392,8.491705,9.514614,-3.767548
889,2,10.6,5,0.34,1.38687,8.79995,9.336194,10.474276,-3.142458
893,8.4,10.6,5,0.34,1.16327,7.023152,7.450542,8.357356,-4.944666
894,10,10.6,5,0.34,1.043816,6.72458,7.133717,8.001764,-5.395218
895,2,12,5,0.34,1.331802,7.663546,8.126479,9.130087,-4.129431
896,3.6,12,5,0.34,1.214608,7.176491,7.609818,8.549165,-4.71363
897,5.2,12,5,0.34,1.248949,6.771846,7.180601,8.066624,-5.297828
900,10,12,5,0.34,1.029512,5.874595,6.228941,6.99692,-7.050425
902,3.6,5,6.4,0.34,0.138185,15.390129,17.259085,17.704426,-0.932885
903,5.2,5,6.4,0.34,0.145289,14.478846,16.236887,16.655849,-1.053706
904,6.8,5,6.4,0.34,0.153455,13.712332,15.377093,15.77388,-1.174527
905,8.4,5,6.4,0.34,0.163051,13.055922,14.640815,15.018617,-1.295348
906,10,5,6.4,0.34,0.174628,12.485556,14.001062,14.36237,-1.416169
907,2,6.4,6.4,0.34,0.150217,15.656397,16.281412,16.926722,-1.003059
908,3.6,6.4,6.4,0.34,0.16018,14.588753,15.171126,15.771956,-1.154584
909,5.2,6.4,6.4,0.34,0.172939,13.713353,14.260747,14.825166,-1.306108
910,6.8,6.4,6.4,0.34,0.188881,12.978678,13.496711,14.030611,-1.457633
911,8.4,6.4,6.4,0.34,0.209039,12.350669,12.843602,13.351445,-1.609157
913,2,7.8,6.4,0.34,0.279871,11.908381,12.600478,13.942498,-1.671351
914,3.6,7.8,6.4,0.34,0.360156,11.105564,11.750368,13.000587,-1.921598
915,5.2,7.8,6.4,0.34,0.549612,10.445848,11.051883,12.226858,-2.171846
916,6.8,7.8,6.4,0.34,0.771156,9.891231,10.464736,11.576586,-2.422094
917,8.4,7.8,6.4,0.34,1.025482,9.416484,9.962187,11.020094,-2.672341
918,10,7.8,6.4,0.34,0.953506,9.004114,9.525701,10.536818,-2.922589
920,3.6,9.2,6.4,0.34,1.157542,8.774997,9.338991,10.498502,-3.024752
921,5.2,9.2,6.4,0.34,1.095537,8.258969,8.789423,9.879784,-3.415424
922,6.8,9.2,6.4,0.34,0.999228,7.824411,8.326669,9.358924,-3.806096
924,10,9.2,6.4,0.34,0.997988,7.128015,7.585179,8.524551,-4.58744
925,2,10.6,6.4,0.34,1.239776,7.762009,8.276236,9.362699,-3.879609
926,3.6,10.6,6.4,0.34,1.094796,7.250019,7.729956,8.743761,-4.449318
927,5.2,10.6,6.4,0.34,1.172778,6.827553,7.27925,8.233242,-5.019027
928,6.8,10.6,6.4,0.34,1.027897,6.471242,6.899156,7.802798,-5.588736
929,8.4,10.6,6.4,0.34,1.051046,6.16545,6.572978,7.433477,-6.158445
930,10,10.6,6.4,0.34,0.943699,5.899269,6.289071,7.112065,-6.728154
931,2,12,6.4,0.34,1.343735,6.675389,7.123822,8.091932,-5.216288
932,3.6,12,6.4,0.34,1.294588,6.239919,6.658807,7.562953,-5.97408
933,5.2,12,6.4,0.34,1.169693,5.879852,6.274351,7.125721,-6.731873
935,8.4,12,6.4,0.34,0.917625,5.314287,5.67055,6.439224,-8.247458
938,3.6,5,7.8,0.34,0.304064,11.242611,13.064784,13.154847,-1.688494
939,5.2,5,7.8,0.34,0.426853,10.585299,12.300879,12.385224,-1.904566
940,6.8,5,7.8,0.34,0.83723,10.031236,11.656955,11.736555,-2.120638
941,8.4,5,7.8,0.34,0.767739,9.555947,11.10458,11.180157,-2.33671
942,10,5,7.8,0.34,0.710388,9.142381,10.623938,10.696047,-2.552781
943,2,6.4,7.8,0.34,0.321115,11.276276,12.512182,13.062781,-1.74142
944,3.6,6.4,7.8,0.34,0.471468,10.516069,11.668352,12.18113,-2.002341
945,5.2,6.4,7.8,0.34,0.775294,9.891383,10.974969,11.45679,-2.263261
946,6.8,6.4,7.8,0.34,0.707034,9.36622,10.392075,10.847948,-2.524182
948,10,6.4,7.8,0.34,0.830084,8.526221,9.459779,9.874282,-3.046022
950,3.6,7.8,7.8,0.34,1.037018,10.050157,10.447716,10.855173,-2.37133
952,6.8,7.8,7.8,0.34,1.179021,8.94036,9.293911,9.65576,-2.99482
953,8.4,7.8,7.8,0.34,1.183492,8.507544,8.843935,9.188048,-3.306564
954,10,7.8,7.8,0.34,1.432196,8.132045,8.45355,8.782302,-3.618309
955,2,9.2,7.8,0.34,1.16086,8.741715,9.280778,10.330265,-3.022738
956,3.6,9.2,7.8,0.34,1.640984,8.150764,8.652702,9.629601,-3.477297
957,5.2,9.2,7.8,0.34,2.057626,7.665401,8.13695,9.054478,-3.931856
958,6.8,9.2,7.8,0.34,1.880569,7.257525,7.703605,8.571405,-4.386415
959,8.4,9.2,7.8,0.34,1.724116,6.908501,7.332835,8.158195,-4.840974
961,2,10.6,7.8,0.34,1.314128,7.13797,7.616539,8.604308,-4.484451
962,3.6,10.6,7.8,0.34,1.335401,6.659589,7.105546,8.025656,-5.153801
963,5.2,10.6,7.8,0.34,1.201979,6.266035,6.685241,7.549907,-5.823151
964,6.8,10.6,7.8,0.34,1.087512,5.934886,6.331636,7.149795,-6.492502
966,10,10.6,7.8,0.34,0.961734,5.404691,5.765585,6.509545,-7.831203
967,2,12,7.8,0.34,1.307191,6.081083,6.506141,7.41094,-6.103948
969,5.2,12,7.8,0.34,1.031852,5.3445,5.717354,6.510513,-7.909879
970,6.8,12,7.8,0.34,0.949795,5.064104,5.417157,6.168019,-8.812845
971,8.4,12,7.8,0.34,0.980889,4.823653,5.159754,5.87443,-9.715809
973,2,5,9.2,0.34,0.978003,9.482761,11.179973,11.364628,-2.363167
974,3.6,5,9.2,0.34,0.866756,8.863733,10.449603,10.622813,-2.70489
975,5.2,5,9.2,0.34,1.140031,8.351971,9.845865,10.009507,-3.046612
977,8.4,5,9.2,0.34,0.953436,7.548257,8.897839,9.04628,-3.730056
978,10,5,9.2,0.34,0.877315,7.224608,8.51612,8.658386,-4.071779
980,3.6,6.4,9.2,0.34,1.020268,8.196591,9.300704,9.652864,-3.155341
981,5.2,6.4,9.2,0.34,0.952373,7.714566,8.753602,9.084497,-3.562557
983,8.4,6.4,9.2,0.34,0.788411,6.960717,7.898001,8.195853,-4.376989
984,10,6.4,9.2,0.34,1.062076,6.658162,7.554619,7.839275,-4.784205
985,2,7.8,9.2,0.34,1.057769,8.322347,9.148979,9.70093,-3.180828
987,5.2,7.8,9.2,0.34,1.246589,7.297738,8.021975,8.504435,-4.138548
988,6.8,7.8,9.2,0.34,1.144204,6.909459,7.594938,8.051236,-4.617408
989,8.4,7.8,9.2,0.34,1.045878,6.577203,7.229538,7.663517,-5.096268
990,10,7.8,9.2,0.34,0.96004,6.288679,6.912251,7.326893,-5.575128
991,2,9.2,9.2,0.34,1.984579,7.990648,8.290606,8.60266,-3.678454
992,3.6,9.2,9.2,0.34,1.761129,7.444965,7.724336,8.01469,-4.237418
994,6.8,9.2,9.2,0.34,1.415459,6.622343,6.870698,7.128474,-5.355919
995,8.4,9.2,9.2,0.34,1.26728,6.301572,6.537842,6.782957,-5.91741
996,10,9.2,9.2,0.34,1.448809,6.0233,6.249091,6.483242,-6.4789
997,2,10.6,9.2,0.34,1.853216,6.71271,7.147172,7.740337,-5.040385
998,3.6,10.6,9.2,0.34,1.62874,6.257591,6.661951,7.207634,-5.801472
1001,8.4,10.6,9.2,0.34,1.40252,5.301748,5.643304,6.094194,-8.084734
1002,10,10.6,9.2,0.34,1.253247,5.06871,5.395033,5.823726,-8.845821
1003,2,12,9.2,0.34,1.268686,5.676195,6.072595,6.896677,-6.896833
1004,3.6,12,9.2,0.34,1.391365,5.29437,5.663555,6.430679,-7.930066
1008,10,12,9.2,0.34,0.820963,4.294089,4.592483,5.211797,-12.062995
1009,2,5,10.6,0.34,1.226323,7.802328,9.225559,9.629327,-3.512433
1010,3.6,5,10.6,0.34,1.08347,7.299479,8.630567,9.00885,-4.013358
1011,5.2,5,10.6,0.34,0.965857,6.882781,8.137568,8.494639,-4.514284
1013,8.4,5,10.6,0.34,1.008683,6.226695,7.361448,7.684966,-5.516134
1014,10,5,10.6,0.34,1.23857,5.961953,7.048304,7.358235,-6.01706
1016,3.6,6.4,10.6,0.34,1.036625,6.684534,7.747908,7.929755,-4.690573
1017,5.2,6.4,10.6,0.34,1.287247,6.295001,7.296334,7.467129,-5.289977
1021,2,7.8,10.6,0.34,1.858394,6.728448,7.519825,7.955627,-4.697405
1022,3.6,7.8,10.6,0.34,1.821639,6.277536,7.015625,7.421394,-5.398337
1023,5.2,7.8,10.6,0.34,1.657106,5.906584,6.600857,6.982054,-6.099269
1024,6.8,7.8,10.6,0.34,1.512852,5.594453,6.251878,6.612486,-6.8002
1025,8.4,7.8,10.6,0.34,1.387073,5.327084,5.952958,6.295991,-7.501132
1026,10,7.8,10.6,0.34,1.269256,5.094708,5.693173,6.020974,-8.202064
1027,2,9.2,10.6,0.34,1.195821,6.418286,7.004037,7.526095,-5.343124
1028,3.6,9.2,10.6,0.34,1.282903,5.983203,6.528882,7.014634,-6.150297
1029,5.2,9.2,10.6,0.34,1.112026,5.626054,6.138879,6.59498,-6.957471
1032,10,9.2,10.6,0.34,0.767516,4.846628,5.287899,5.679712,-9.37899
1033,2,10.6,10.6,0.34,1.810018,6.181808,6.403352,6.63487,-6.119496
1034,3.6,10.6,10.6,0.34,1.721226,5.75907,5.965347,6.180696,-7.050226
1035,5.2,10.6,10.6,0.34,1.472816,5.412637,5.606415,5.80856,-7.980957
1036,6.8,10.6,10.6,0.34,1.282641,5.122017,5.305319,5.496418,-8.911686
1037,8.4,10.6,10.6,0.34,1.132921,4.873675,5.048031,5.229716,-9.842416
1038,10,10.6,10.6,0.34,1.011488,4.658266,4.824869,4.998403,-10.773147
1040,3.6,12,10.6,0.34,1.40374,5.01359,5.349427,5.580576,-8.911234
1042,6.8,12,10.6,0.34,1.052396,4.461902,4.760004,4.959788,-11.254247
1044,10,12,10.6,0.34,0.871703,4.05964,4.330398,4.508657,-13.597259
1045,2,5,12,0.34,1.069072,6.692034,7.937251,8.460028,-4.739945
1046,3.6,5,12,0.34,1.227655,6.266605,7.432317,7.922349,-5.406016
1047,5.2,5,12,0.34,1.255014,5.913185,7.012894,7.475638,-6.072087
1048,6.8,5,12,0.34,1.150279,5.613514,6.65729,7.096841,-6.738158
1049,8.4,5,12,0.34,1.050253,5.355221,6.350809,6.770332,-7.404229
1051,2,6.4,12,0.34,1.510152,6.089143,7.179679,7.260345,-5.561383
1053,5.2,6.4,12,0.34,1.202908,5.363405,6.323898,6.394038,-7.171273
1055,8.4,6.4,12,0.34,1.29114,4.847492,5.715519,5.778408,-8.781164
1056,10,6.4,12,0.34,1.157864,4.639719,5.470508,5.530522,-9.586109
1057,2,7.8,12,0.34,1.222777,5.685895,6.438787,6.779309,-6.389896
1058,3.6,7.8,12,0.34,1.084157,5.308348,6.011053,6.328273,-7.333804
1059,5.2,7.8,12,0.34,1.073173,4.997209,5.658569,5.956698,-8.277711
1060,6.8,7.8,12,0.34,1.061491,4.735049,5.361587,5.643704,-9.221618
1061,8.4,7.8,12,0.34,1.012627,4.510237,5.106924,5.37536,-10.165526
1062,10,7.8,12,0.34,1.005352,4.314673,4.885402,5.141973,-11.109433
1063,2,9.2,12,0.34,1.695149,5.391915,5.947728,6.404588,-7.289061
1064,3.6,9.2,12,0.34,1.870323,5.029278,5.547409,5.972698,-8.38143
1065,5.2,9.2,12,0.34,1.696083,4.731148,5.218333,5.617804,-9.473799
1066,6.8,9.2,12,0.34,1.480418,4.480425,4.94161,5.319457,-10.566168
1067,8.4,9.2,12,0.34,1.309115,4.265748,4.704689,5.064082,-11.658536
1068,10,9.2,12,0.34,1.170414,4.079234,4.498864,4.842266,-12.750905
1069,2,10.6,12,0.34,1.128764,5.164976,5.593995,6.084586,-8.308682
1070,3.6,10.6,12,0.34,0.95189,4.814167,5.213655,5.67,-9.567008
1071,5.2,10.6,12,0.34,0.818542,4.526302,4.901608,5.330001,-10.825335
1072,6.8,10.6,12,0.34,0.830716,4.284567,4.639601,5.04462,-12.083662
1075,2,12,12,0.34,1.542918,4.98368,5.149779,5.325324,-9.429314
1076,3.6,12,12,0.34,1.293841,4.642529,4.797118,4.960326,-10.867563
1078,6.8,12,12,0.34,1.224249,4.128561,4.265851,4.410587,-13.74406
1079,8.4,12,12,0.34,1.290751,3.928241,4.058804,4.196377,-15.182309
1080,10,12,12,0.34,1.165767,3.754504,3.879238,4.010614,-16.620558
1081,2,5,5,0.4,0.052272,28.48101,29.72617,30.006763,-0.330051
1082,3.6,5,5,0.4,0.053006,26.751352,27.921804,28.196751,-0.373382
1083,5.2,5,5,0.4,0.053742,25.302744,26.410454,26.679016,-0.416713
1084,6.8,5,5,0.4,0.054486,24.066502,25.120558,25.382544,-0.460044
1085,8.4,5,5,0.4,0.055244,22.99535,24.002848,24.258335,-0.503375
1086,10,5,5,0.4,0.056019,22.055548,23.022142,23.271347,-0.546706
1087,2,6.4,5,0.4,0.083494,19.735909,20.674946,22.460962,-0.648994
1088,3.6,6.4,5,0.4,0.085342,18.551929,19.434719,21.114658,-0.734057
1089,5.2,6.4,5,0.4,0.087374,17.558245,18.393808,19.984549,-0.819119
1090,6.8,6.4,5,0.4,0.089598,16.708805,17.503986,19.018364,-0.904182
1091,8.4,6.4,5,0.4,0.092031,15.971786,16.731922,18.179968,-0.989244
1092,10,6.4,5,0.4,0.094693,15.324401,16.053749,17.44347,-1.074307
1093,2,7.8,5,0.4,0.142565,14.551237,15.357185,17.048594,-1.164996
1094,3.6,7.8,5,0.4,0.15237,13.689361,14.447356,16.038277,-1.316315
1095,5.2,7.8,5,0.4,0.16441,12.964441,13.682132,15.188563,-1.467634
1096,6.8,7.8,5,0.4,0.180997,12.343676,13.026871,14.460978,-1.618954
1098,10,7.8,5,0.4,0.233697,11.329956,11.956857,13.272907,-1.921592
1100,3.6,9.2,5,0.4,0.361684,10.889757,11.515104,12.860706,-2.086453
1101,5.2,9.2,5,0.4,0.57245,10.319593,10.912067,12.186904,-2.324101
1103,8.4,9.2,5,0.4,0.932583,9.404961,9.94474,11.10615,-2.799395
1104,10,9.2,5,0.4,0.871563,9.030276,9.548483,10.663458,-3.037043
1105,2,10.6,5,0.4,0.931944,9.627233,10.169885,11.363324,-2.702439
1106,3.6,10.6,5,0.4,1.097586,9.070583,9.581729,10.705841,-3.046177
1107,5.2,10.6,5,0.4,0.999535,8.600503,9.085057,10.150663,-3.389914
1108,6.8,10.6,5,0.4,0.938611,8.196657,8.65838,9.673749,-3.733651
1109,8.4,10.6,5,0.4,0.869466,7.844824,8.286664,9.258289,-4.077389
1110,10,10.6,5,0.4,0.936404,7.534722,7.959043,8.892128,-4.421126
1112,3.6,12,5,0.4,1.044424,7.855149,8.288199,9.258852,-4.061911
1113,5.2,12,5,0.4,1.115195,7.452516,7.863289,8.783983,-4.515552
1114,6.8,12,5,0.4,1.055894,7.106051,7.497663,8.375391,-4.969193
1115,8.4,12,5,0.4,0.946581,6.803803,7.178707,8.018969,-5.422833
1116,10,12,5,0.4,0.856218,6.537104,6.897269,7.704485,-5.876474
1117,2,5,6.4,0.4,0.085445,18.399273,20.87594,20.954319,-0.669704
1118,3.6,5,6.4,0.4,0.088058,17.295391,19.623352,19.698029,-0.757515
1119,5.2,5,6.4,0.4,0.09086,16.368954,18.572102,18.643539,-0.845326
1120,6.8,5,6.4,0.4,0.093893,15.577015,17.673466,17.742044,-0.933136
1121,8.4,5,6.4,0.4,0.097207,14.889897,16.893778,16.959806,-1.020947
1122,10,5,6.4,0.4,0.100859,14.286348,16.20892,16.272661,-1.108758
1123,2,6.4,6.4,0.4,0.10507,17.630239,18.440327,19.017544,-0.813369
1125,5.2,6.4,6.4,0.4,0.114343,15.661235,16.380917,16.895287,-1.02941
1127,8.4,6.4,6.4,0.4,0.12579,14.232121,14.886142,15.354519,-1.245451
1128,10,6.4,6.4,0.4,0.132657,13.650123,14.277396,14.72696,-1.353472
1129,2,7.8,6.4,0.4,0.157611,13.314178,14.011526,15.389859,-1.381475
1130,3.6,7.8,6.4,0.4,0.176526,12.51304,13.168134,14.46311,-1.563678
1131,5.2,7.8,6.4,0.4,0.202571,11.841006,12.460693,13.685798,-1.745882
1132,6.8,7.8,6.4,0.4,0.241467,11.266763,11.856222,13.021659,-1.928085
1133,8.4,7.8,6.4,0.4,0.307794,10.768687,11.331947,12.445658,-2.110289
1136,3.6,9.2,6.4,0.4,0.688086,9.762836,10.349745,11.591194,-2.503681
1137,5.2,9.2,6.4,0.4,0.91336,9.243237,9.798681,10.973485,-2.793488
1138,6.8,9.2,6.4,0.4,0.839971,8.798633,9.32718,10.445026,-3.083294
1140,10,9.2,6.4,0.4,0.744328,8.073218,8.557933,9.58298,-3.662908
1141,2,10.6,6.4,0.4,1.01717,8.486646,9.01594,10.170047,-3.324123
1142,3.6,10.6,6.4,0.4,0.946767,7.985749,8.483582,9.568974,-3.755686
1143,5.2,10.6,6.4,0.4,0.859994,7.564197,8.03558,9.063217,-4.187248
1144,6.8,10.6,6.4,0.4,0.791187,7.203039,7.651782,8.629994,-4.61881
1145,8.4,10.6,6.4,0.4,0.871555,6.889109,7.318188,8.253479,-5.050373
1147,2,12,6.4,0.4,0.971976,7.230037,7.685297,8.69918,-4.559597
1148,3.6,12,6.4,0.4,1.042717,6.807491,7.235973,8.190124,-5.146149
1150,6.8,12,6.4,0.4,0.940089,6.145715,6.532315,7.393073,-6.319251
1151,8.4,12,6.4,0.4,0.844406,5.87981,6.249601,7.072884,-6.905803
1153,2,5,7.8,0.4,0.152432,13.206141,15.410192,15.652872,-1.243421
1154,3.6,5,7.8,0.4,0.16736,12.423845,14.49711,14.725662,-1.404652
1155,5.2,5,7.8,0.4,0.188089,11.765882,13.729172,13.945792,-1.565884
1157,8.4,5,7.8,0.4,0.279066,10.71293,12.500267,12.697721,-1.888348
1158,10,5,7.8,0.4,0.427788,10.282421,11.997836,12.187429,-2.049579
1160,3.6,6.4,7.8,0.4,0.199435,11.739175,13.182712,13.504485,-1.628291
1163,8.4,6.4,7.8,0.4,0.541264,10.102696,11.344709,11.621425,-2.197785
1164,10,6.4,7.8,0.4,0.516638,9.692371,10.883863,11.149302,-2.387616
1165,2,7.8,7.8,0.4,0.208896,12.054912,12.612869,13.112738,-1.68103
1167,5.2,7.8,7.8,0.4,0.342373,10.708191,11.203796,11.647582,-2.128537
1168,6.8,7.8,7.8,0.4,0.600896,10.184506,10.655859,11.077852,-2.35229
1169,8.4,7.8,7.8,0.4,0.625777,9.730819,10.181158,10.584279,-2.576043
1170,10,7.8,7.8,0.4,0.756042,9.332808,9.764713,10.151283,-2.799796
1171,2,9.2,7.8,0.4,0.693641,9.701977,10.24986,11.339668,-2.515895
1172,3.6,9.2,7.8,0.4,0.881902,9.11699,9.631435,10.654645,-2.84901
1173,5.2,9.2,7.8,0.4,0.883075,8.626448,9.112907,10.080391,-3.182124
1174,6.8,9.2,7.8,0.4,0.879733,8.207401,8.669993,9.589958,-3.515239
1178,3.6,10.6,7.8,0.4,0.932236,7.363186,7.827193,8.81167,-4.305441
1181,8.4,10.6,7.8,0.4,0.946195,6.341158,6.740174,7.586427,-5.807607
1182,10,10.6,7.8,0.4,0.877257,6.084572,6.467312,7.278974,-6.308328
1183,2,12,7.8,0.4,0.97989,6.597042,7.033619,7.990417,-5.29409
1185,5.2,12,7.8,0.4,0.894623,5.876307,6.26474,7.11571,-6.677174
1186,6.8,12,7.8,0.4,0.815107,5.594476,5.964124,6.77383,-7.368717
1187,8.4,12,7.8,0.4,0.746569,5.349651,5.702998,6.47691,-8.060259
1188,10,12,7.8,0.4,0.749672,5.134384,5.473411,6.215889,-8.751801
1189,2,5,9.2,0.4,0.594588,10.238393,12.061669,12.627472,-2.054748
1190,3.6,5,9.2,0.4,0.738479,9.639518,11.355875,11.888929,-2.317901
1191,5.2,5,9.2,0.4,0.672344,9.134755,10.761027,11.266419,-2.581055
1192,6.8,5,9.2,0.4,0.614747,8.701787,10.25081,10.732437,-2.844208
1193,8.4,5,9.2,0.4,0.807233,8.325066,9.806891,10.267813,-3.107362
1194,10,5,9.2,0.4,0.752729,7.99338,9.416056,9.858728,-3.370516
1195,2,6.4,9.2,0.4,0.672778,9.567608,11.059834,11.243569,-2.332825
1196,3.6,6.4,9.2,0.4,0.603672,8.997684,10.400963,10.573306,-2.637859
1197,5.2,6.4,9.2,0.4,0.811401,8.518791,9.847322,10.010163,-2.942892
1198,6.8,6.4,9.2,0.4,0.746542,8.109022,9.373593,9.528351,-3.247925
1199,8.4,6.4,9.2,0.4,0.688939,7.753205,8.962238,9.11001,-3.552958
1201,2,7.8,9.2,0.4,0.595477,9.14937,10.184041,10.605368,-2.643869
1204,6.8,7.8,9.2,0.4,1.032053,7.739935,8.614807,8.970146,-3.694978
1205,8.4,7.8,9.2,0.4,1.085846,7.397262,8.2333,8.572687,-4.045348
1206,10,7.8,9.2,0.4,1.085513,7.096405,7.898356,8.223764,-4.395717
1207,2,9.2,9.2,0.4,1.092112,8.85839,9.255534,9.619496,-3.027098
1208,3.6,9.2,9.2,0.4,0.980315,8.319589,8.692541,9.03415,-3.43058
1209,5.2,9.2,9.2,0.4,1.192489,7.868456,8.221152,8.54407,-3.834062
1210,6.8,9.2,9.2,0.4,1.093738,7.483542,7.818954,8.125943,-4.237545
1211,8.4,9.2,9.2,0.4,1.006739,7.150089,7.47053,7.763732,-4.641027
1212,10,9.2,9.2,0.4,0.93026,6.857567,7.164875,7.445994,-5.04451
1213,2,10.6,9.2,0.4,1.821137,7.40313,7.847328,8.646528,-4.22428
1214,3.6,10.6,9.2,0.4,1.631428,6.955735,7.372687,8.117145,-4.785518
1215,5.2,10.6,9.2,0.4,1.470249,6.580716,6.974886,7.6744,-5.346755
1217,8.4,10.6,9.2,0.4,1.186218,5.982812,6.340758,6.970273,-6.469231
1218,10,10.6,9.2,0.4,1.385945,5.7391,6.082314,6.683841,-7.030469
1219,2,12,9.2,0.4,1.061431,6.182844,6.591569,7.463231,-5.925952
1220,3.6,12,9.2,0.4,0.947509,5.811805,6.195655,7.014037,-6.708084
1221,5.2,12,9.2,0.4,1.008561,5.500416,5.863437,6.637239,-7.490216
1222,6.8,12,9.2,0.4,0.942005,5.23424,5.579489,6.315275,-8.272348
1223,8.4,12,9.2,0.4,0.885514,5.003299,5.333153,6.036023,-9.05448
1224,10,12,9.2,0.4,0.857141,4.80045,5.116799,5.790805,-9.836612
1225,2,5,10.6,0.4,1.051782,8.317715,9.82648,10.658422,-3.140562
1226,3.6,5,10.6,0.4,0.948654,7.836704,9.257999,10.042155,-3.538027
1227,5.2,5,10.6,0.4,0.859981,7.430515,8.777972,9.521722,-3.935493
1228,6.8,5,10.6,0.4,0.783937,7.081569,8.365613,9.074614,-4.332959
1229,8.4,5,10.6,0.4,0.718444,6.777573,8.006386,8.685088,-4.730424
1230,10,5,10.6,0.4,0.821267,6.509637,7.689781,8.341762,-5.12789
1231,2,6.4,10.6,0.4,1.048936,7.686935,9.114368,9.13994,-3.576807
1232,3.6,6.4,10.6,0.4,0.936718,7.233207,8.575986,8.600439,-4.040024
1233,5.2,6.4,10.6,0.4,0.842771,6.851361,8.122947,8.146397,-4.503242
1234,6.8,6.4,10.6,0.4,1.146928,6.524226,7.734856,7.757405,-4.96646
1236,10,6.4,10.6,0.4,0.990361,5.989727,7.100831,7.121833,-5.892896
1237,2,7.8,10.6,0.4,0.785827,7.288895,8.292395,8.601432,-4.013012
1238,3.6,7.8,10.6,0.4,0.857886,6.852738,7.796075,8.086094,-4.540835
1240,6.8,7.8,10.6,0.4,0.979161,6.173367,7.023008,7.283606,-5.596479
1241,8.4,7.8,10.6,0.4,0.900069,5.901577,6.713742,6.962634,-6.124302
1242,10,7.8,10.6,0.4,0.831051,5.662785,6.442028,6.680661,-6.652124
1243,2,9.2,10.6,0.4,1.077277,7.011235,7.749497,8.18342,-4.479134
1245,5.2,9.2,10.6,0.4,0.868261,6.232409,6.888347,7.273123,-5.669652
1246,6.8,9.2,10.6,0.4,0.891029,5.929123,6.553023,6.918758,-6.264911
1248,10,9.2,10.6,0.4,0.812481,5.435395,6.007166,6.342009,-7.455429
1249,2,10.6,10.6,0.4,1.208032,6.806863,7.103123,7.375592,-5.082581
1251,5.2,10.6,10.6,0.4,1.188107,6.045539,6.308576,6.55025,-6.441199
1252,6.8,10.6,10.6,0.4,1.046124,5.749578,5.999703,6.229432,-7.120508
1253,8.4,10.6,10.6,0.4,0.932242,5.493213,5.732155,5.95155,-7.799817
1255,2,12,10.6,0.4,1.536165,5.890508,6.260431,6.647631,-6.556692
1256,3.6,12,10.6,0.4,1.41052,5.534018,5.881152,6.240538,-7.429337
1258,6.8,12,10.6,0.4,1.081869,4.980195,5.292067,5.609878,-9.174625
1260,10,12,10.6,0.4,0.869904,4.565044,4.85059,5.138424,-10.919915
1261,2,5,12,0.4,0.941186,7.049095,8.344079,9.333176,-4.358257
1262,3.6,5,12,0.4,0.881231,6.646412,7.867239,8.800133,-4.902782
1263,5.2,5,12,0.4,0.973831,6.305683,7.463783,8.34907,-5.447308
1264,6.8,5,12,0.4,0.89669,6.012496,7.116637,7.960925,-5.991833
1265,8.4,5,12,0.4,0.924201,5.756732,6.813814,7.622314,-6.536359
1266,10,5,12,0.4,0.869743,5.531055,6.546622,7.323527,-7.080885
1267,2,6.4,12,0.4,1.071367,6.450474,7.686491,7.857537,-5.01545
1268,3.6,6.4,12,0.4,0.968907,6.073453,7.236907,7.398288,-5.658103
1269,5.2,6.4,12,0.4,0.900852,5.75564,6.857964,7.011147,-6.300756
1270,6.8,6.4,12,0.4,0.825302,5.483001,6.532916,6.679029,-6.943409
1273,2,7.8,12,0.4,0.996125,6.069128,7.036051,7.231673,-5.631537
1274,3.6,7.8,12,0.4,0.883674,5.708924,6.618375,6.801953,-6.365771
1275,5.2,7.8,12,0.4,0.934151,5.406065,6.267195,6.440711,-7.100006
1276,6.8,7.8,12,0.4,0.828207,5.146791,5.966558,6.131505,-7.834241
1277,8.4,7.8,12,0.4,0.830504,4.921562,5.705401,5.862936,-8.568475
1279,2,9.2,12,0.4,1.724574,5.8015,6.511735,6.879371,-6.28771
1281,5.2,9.2,12,0.4,1.332233,5.161208,5.792803,6.118937,-7.947474
1282,6.8,9.2,12,0.4,1.542599,4.911467,5.512403,5.822443,-8.777356
1283,8.4,9.2,12,0.4,1.37463,4.694785,5.26913,5.565246,-9.607238
1285,2,10.6,12,0.4,1.110669,5.601916,6.148316,6.574235,-7.034269
1286,3.6,10.6,12,0.4,0.953849,5.262938,5.776076,6.175622,-7.970983
1287,5.2,10.6,12,0.4,0.832922,4.978863,5.464147,5.841681,-8.907697
1288,6.8,10.6,12,0.4,0.737259,4.736313,5.197829,5.55663,-9.844411
1289,8.4,10.6,12,0.4,0.659092,4.526068,4.966994,5.3096,-10.781125
1290,10,10.6,12,0.4,0.594691,4.341542,4.764406,5.092829,-11.717839
1291,2,12,12,0.4,1.179217,5.446675,5.671909,5.880931,-7.874902
1292,3.6,12,12,0.4,1.00739,5.114907,5.326354,5.522466,-8.929861
1293,5.2,12,12,0.4,0.876344,4.83719,5.037103,5.222429,-9.984818
1294,6.8,12,12,0.4,0.772598,4.600284,4.790362,4.966504,-11.039777
1295,8.4,12,12,0.4,0.68928,4.395084,4.576648,4.744846,-12.094734
1296,10,12,12,0.4,0.621079,4.215097,4.389195,4.550435,-13.149692
1000,6.8,10.6,9.2,0.34,1.587247,5.570186,5.929326,6.406209,-7.323647
525,5.2,9.2,7.8,0.22,3.443021,6.129919,6.525798,6.858197,-6.300941
216,10,12,12,0.1,8.338072,1.594018,1.607381,1.618787,-137.826115
1278,10,7.8,12,0.4,0.749547,4.723526,5.475779,5.626819,-9.30271
142,6.8,12,9.2,0.1,33.672001,2.492314,2.501832,2.503061,-54.541975
398,3.6,5,12,0.16,3.539272,5.992767,6.477321,7.059203,-5.899087
1041,5.2,12,10.6,0.34,1.205554,4.713714,5.029006,5.242827,-10.082741
578,3.6,5,10.6,0.22,2.062933,6.723179,7.550968,7.912904,-4.655312
293,8.4,5,7.8,0.16,6.994139,7.221584,7.669847,8.227275,-4.534998
16,6.8,7.8,5,0.1,12.936843,6.739991,6.995257,7.281936,-6.553512
993,5.2,9.2,9.2,0.34,1.573169,6.997661,7.260164,7.532783,-4.796421
38,3.6,5,6.4,0.1,16.943584,9.617309,9.818609,10.008553,-3.415958
11,8.4,6.4,5,0.1,12.832592,7.234708,7.453947,7.514272,-5.988677
662,3.6,7.8,5,0.28,0.531863,10.951649,11.642851,12.988662,-1.947752
496,6.8,10.6,6.4,0.22,2.273708,5.411845,5.791537,6.523327,-7.892884
363,5.2,5,10.6,0.16,3.744241,6.145377,6.612945,7.164941,-5.823904
912,10,6.4,6.4,0.34,0.23557,11.80579,12.276945,12.762203,-1.760682
306,10,7.8,7.8,0.16,3.792909,5.161152,5.192771,5.311655,-10.936304
949,2,7.8,7.8,0.34,0.490077,10.786193,11.212938,11.650753,-2.059585
116,3.6,6.4,9.2,0.1,13.983123,5.702473,5.783643,5.820386,-10.129489
108,10,12,7.8,0.1,9.107471,2.651206,2.658301,2.672876,-47.625117
440,3.6,6.4,5,0.22,0.407663,12.798373,13.569537,14.906913,-1.439965
429,5.2,12,12,0.16,3.555503,3.009457,3.017351,3.046246,-34.551293
949,2,7.8,7.8,0.34,0.490077,10.786193,11.212938,11.650753,-2.059585
1162,6.8,6.4,7.8,0.4,0.317445,10.569965,11.869515,12.159082,-2.007953
1054,6.8,6.4,12,0.34,1.066527,5.085931,5.996694,6.062912,-7.976219
848,3.6,9.2,12,0.28,1.729372,4.69339,5.067847,5.557346,-9.853514
1202,3.6,7.8,9.2,0.4,0.762486,8.597702,9.569815,9.965235,-2.994239
130,6.8,9.2,9.2,0.1,8.129525,3.101794,3.127497,3.127735,-35.228986
898,6.8,12,5,0.34,1.097438,6.428724,6.81666,7.657509,-5.882028
1200,10,6.4,9.2,0.4,0.650606,7.440455,8.600674,8.742329,-3.857991
1271,8.4,6.4,12,0.4,0.759206,5.245761,6.250091,6.390028,-7.586062
132,10,9.2,9.2,0.1,8.683136,2.670927,2.692954,2.693769,-47.441792
51,5.2,7.8,6.4,0.1,15.136454,5.712836,5.798612,5.834706,-10.42317
443,8.4,6.4,5,0.22,0.955076,10.418528,11.043118,12.125294,-2.172743
1102,6.8,9.2,5,0.4,0.69955,9.830514,10.394805,11.608974,-2.561748
891,5.2,10.6,5,0.34,1.155601,7.763043,8.235715,9.238712,-4.043562
965,8.4,10.6,7.8,0.34,0.988931,5.651225,6.028777,6.807199,-7.161852
890,3.6,10.6,5,0.34,1.279496,8.232939,8.734403,9.798573,-3.59301
122,3.6,7.8,9.2,0.1,16.607529,4.542147,4.581912,4.596707,-16.568793
54,10,7.8,6.4,0.1,12.68779,4.479237,4.538719,4.567378,-16.947597
353,8.4,10.6,9.2,0.16,3.753426,3.602155,3.736011,3.780166,-22.108585
342,10,7.8,9.2,0.16,5.130949,4.368245,4.508896,4.64782,-14.335651
649,2,5,5,0.28,0.124749,22.097223,22.792629,23.666225,-0.496849
1247,8.4,9.2,10.6,0.4,0.901397,5.666192,6.262327,6.611595,-6.86017
722,3.6,5,7.8,0.28,0.875293,10.271731,11.62742,11.992277,-2.01813
24,10,9.2,5,0.1,6.713145,5.20767,5.439857,5.765451,-10.476728
634,6.8,9.2,12,0.22,2.430998,3.824566,4.030005,4.393133,-15.930915
445,2,7.8,5,0.22,0.777615,10.941624,11.646641,12.942579,-1.943279
630,10,7.8,12,0.22,1.315281,3.72372,3.979068,4.38129,-15.943911
834,10,5,12,0.28,1.460188,4.831433,5.732661,5.785955,-8.915428
805,2,7.8,10.6,0.28,3.00098,6.299588,6.885245,7.432408,-5.445521
96,10,9.2,7.8,0.1,7.387509,3.170031,3.176677,3.192909,-34.038115
1161,5.2,6.4,7.8,0.4,0.238173,11.108696,12.474587,12.778984,-1.818122
773,8.4,7.8,9.2,0.28,1.528246,5.869118,6.344126,6.839217,-6.508914
561,5.2,9.2,9.2,0.22,3.317673,5.549626,5.640251,5.805184,-8.38846
97,2,10.6,7.8,0.1,22.931877,4.790418,4.813591,4.847147,-14.890141
564,10,9.2,9.2,0.22,2.093756,4.61522,4.689893,4.825608,-12.147177
116,3.6,6.4,9.2,0.1,13.983123,5.702473,5.783643,5.820386,-10.129489
385,2,10.6,10.6,0.16,7.327279,4.628673,4.639639,4.715989,-14.097712
847,2,9.2,12,0.28,2.098106,5.083041,5.48931,6.020982,-8.394923
1135,2,9.2,6.4,0.4,0.530602,10.381185,11.005587,12.326466,-2.213874
450,10,7.8,5,0.22,1.615994,7.73984,8.234418,9.141786,-3.888809
692,3.6,6.4,6.4,0.28,0.309783,12.817185,13.220851,13.725132,-1.486767
112,6.8,5,9.2,0.1,8.828375,5.941201,6.143394,6.475612,-7.945673
1019,8.4,6.4,10.6,0.34,1.029879,5.684528,6.588633,6.742281,-6.488787
1203,5.2,7.8,9.2,0.4,0.694403,8.135105,9.05477,9.428546,-3.344608
1257,5.2,12,10.6,0.4,1.226582,5.235271,5.563363,5.900085,-8.301982
220,6.8,5,5,0.16,0.697508,12.916734,13.037901,13.422924,-1.578041
691,2,6.4,6.4,0.28,0.275834,13.897947,14.335846,14.883757,-1.265016
769,2,7.8,9.2,0.28,1.986824,7.642946,8.264062,8.913414,-3.832804
1244,3.6,9.2,10.6,0.4,0.962916,6.587551,7.281021,7.688161,-5.074393
713,8.4,10.6,6.4,0.28,1.160637,5.5646,5.949253,6.728906,-7.436677
828,10,12,10.6,0.28,1.793391,3.615389,3.863246,3.935526,-17.849656
64,6.8,10.6,6.4,0.1,9.913595,4.216866,4.357464,4.375596,-17.764002
1052,3.6,6.4,12,0.34,1.343174,5.691873,6.71123,6.786084,-6.366328
99,5.2,10.6,7.8,0.1,12.017214,3.650518,3.658491,3.683035,-25.589032
1077,5.2,12,12,0.34,1.109292,4.363011,4.508185,4.661331,-12.305812
999,5.2,10.6,9.2,0.34,1.580581,5.883997,6.263746,6.771624,-6.562559
442,6.8,6.4,5,0.22,0.612565,11.058891,11.722722,12.873155,-1.928484
1031,8.4,9.2,10.6,0.34,0.858086,5.069418,5.531123,5.941257,-8.571818
215,8.4,12,12,0.1,11.603948,1.708433,1.722735,1.734877,-120.054282
759,5.2,5,9.2,0.28,1.282864,7.737065,8.943235,9.098874,-3.528337
796,6.8,5,10.6,0.28,1.641953,6.112568,7.207808,7.218168,-5.64901
65,8.4,10.6,6.4,0.1,8.432425,3.898037,4.02569,4.037553,-20.761963
397,2,5,12,0.16,3.922085,6.640161,7.177004,7.828778,-4.798369
1176,10,9.2,7.8,0.4,1.612244,7.524984,7.94878,8.791518,-4.181468
268,6.8,7.8,6.4,0.16,5.561746,6.752572,7.123368,7.43676,-5.817762
576,10,12,9.2,0.22,1.949271,3.487634,3.726891,4.051929,-19.153733
1179,5.2,10.6,7.8,0.4,0.981518,6.969692,7.408645,8.339818,-4.806163
1006,6.8,12,9.2,0.34,1.040184,4.716487,5.04469,5.726185,-9.996531
328,6.8,5,9.2,0.16,4.730222,6.567381,7.021076,7.577274,-5.270956
850,6.8,9.2,12,0.28,1.259245,4.124411,4.452647,4.881181,-12.770697
506,3.6,5,7.8,0.22,1.618902,9.571221,10.499653,11.091615,-2.375929
571,2,12,9.2,0.22,3.084538,4.974936,5.322644,5.801405,-9.35668
215,8.4,12,12,0.1,11.603948,1.708433,1.722735,1.734877,-120.054282
1200,10,6.4,9.2,0.4,0.650606,7.440455,8.600674,8.742329,-3.857991
947,8.4,6.4,7.8,0.34,0.706074,8.916688,9.893142,10.326857,-2.785102
538,6.8,12,7.8,0.22,2.097039,4.291153,4.598974,5.195513,-12.40046
230,3.6,7.8,5,0.16,3.254035,9.329572,9.897312,10.863969,-2.806649
816,10,9.2,10.6,0.28,0.984037,4.3373,4.653049,5.077867,-11.979061
64,6.8,10.6,6.4,0.1,9.913595,4.216866,4.357464,4.375596,-17.764002
415,2,9.2,12,0.16,5.909365,4.60779,4.732558,4.930437,-12.984713
1050,10,5,12,0.34,0.9639,5.129583,6.083093,6.485094,-8.0703
1159,2,6.4,7.8,0.4,0.175213,12.490791,14.026891,14.369414,-1.43846
887,8.4,9.2,5,0.34,1.069873,8.357717,8.872199,9.941222,-3.450665
92,3.6,9.2,7.8,0.1,18.457876,4.556317,4.5696,4.595007,-16.53886
565,2,10.6,9.2,0.22,4.43502,5.672354,6.047829,6.209421,-7.531136
1099,2,9.2,5,0.4,0.277369,11.5662,12.230574,13.66019,-1.848806
1018,6.8,6.4,10.6,0.34,1.145789,5.966472,6.915481,7.077023,-5.889382
464,3.6,12,5,0.22,2.05224,6.329847,6.77769,7.68044,-5.687179
317,8.4,10.6,7.8,0.16,4.36222,4.090147,4.325288,4.528206,-15.729185
863,8.4,12,12,0.28,1.572089,3.511138,3.592436,3.698014,-19.890053
972,10,12,7.8,0.34,0.878827,4.614485,4.935862,5.61912,-10.618775
651,5.2,5,5,0.28,0.132345,19.01259,19.610807,20.360912,-0.670857
634,6.8,9.2,12,0.22,2.430998,3.824566,4.030005,4.393133,-15.930915
378,10,7.8,10.6,0.16,3.767015,3.809325,3.944467,4.169362,-18.269079
951,5.2,7.8,7.8,0.34,0.999318,9.446731,9.820361,10.202995,-2.683075
628,6.8,7.8,12,0.22,1.691337,4.165908,4.452508,4.90411,-12.728
1012,6.8,5,10.6,0.34,1.092479,6.530151,7.720408,8.059467,-5.015209
1139,8.4,9.2,6.4,0.4,0.797228,8.412562,8.917773,9.986212,-3.373101
936,10,12,6.4,0.34,0.825881,5.086512,5.427399,6.162835,-9.005251
682,6.8,12,5,0.28,1.418132,5.889174,6.276738,7.086793,-6.780989
338,3.6,7.8,9.2,0.16,7.557371,5.908876,6.107221,6.32356,-7.833867
982,6.8,6.4,9.2,0.34,0.870579,7.30865,8.292892,8.605965,-3.969773
442,6.8,6.4,5,0.22,0.612565,11.058891,11.722722,12.873155,-1.928484
395,8.4,12,10.6,0.16,2.845798,2.877337,2.926998,2.961644,-36.406454
209,8.4,10.6,12,0.1,17.520313,1.937466,1.962701,1.964421,-91.869682
258,10,5,6.4,0.16,3.541662,8.42231,8.861257,9.476171,-3.515601
1146,10,10.6,6.4,0.4,0.787282,6.612939,7.02473,7.922292,-5.481936
1149,5.2,12,6.4,0.4,0.91325,6.45129,6.857221,7.761079,-5.7327
449,8.4,7.8,5,0.22,1.771939,8.158287,8.680105,9.637659,-3.499703
540,10,12,7.8,0.22,1.550032,3.835462,4.109553,4.639989,-15.530488
770,3.6,7.8,9.2,0.28,1.750046,7.054101,7.626561,8.224322,-4.501832
923,8.4,9.2,6.4,0.34,1.033035,7.451924,7.930048,8.912588,-4.196768
968,3.6,12,7.8,0.34,1.108347,5.677281,6.073687,6.917185,-7.006913
1097,8.4,7.8,5,0.4,0.202969,11.8043,12.457537,13.82882,-1.770273
1005,5.2,12,9.2,0.34,1.193214,4.980469,5.327363,6.047891,-8.963298
934,6.8,12,6.4,0.34,1.029838,5.575677,5.949601,6.756465,-7.489666
475,2,6.4,6.4,0.22,0.596245,12.420455,12.677195,13.121291,-1.633413
305,8.4,7.8,7.8,0.16,4.473477,5.48346,5.5174,5.644366,-9.685694
612,10,12,10.6,0.22,1.98389,3.207077,3.388913,3.414666,-25.117239
466,6.8,12,5,0.22,1.638091,5.518174,5.907547,6.6918,-7.496248
855,5.2,10.6,12,0.28,1.55097,4.14099,4.408592,4.742527,-13.321962
716,3.6,12,6.4,0.28,1.565409,5.803396,6.214898,7.070871,-6.762738
690,10,5,6.4,0.28,0.396406,10.892753,12.01488,12.557235,-1.85209
762,10,5,9.2,0.28,1.487379,6.600833,7.629719,7.761283,-4.848665
1175,8.4,9.2,7.8,0.4,1.297618,7.844021,8.285944,9.164762,-3.848354
1152,10,12,6.4,0.4,0.765022,5.645676,6.000673,6.790984,-7.492354
1235,8.4,6.4,10.6,0.4,1.064593,6.239874,7.397546,7.419283,-5.429678
1134,10,7.8,6.4,0.4,0.450259,10.331307,10.871576,11.939884,-2.292492
251,8.4,12,5,0.16,2.46249,4.979896,5.338069,6.0281,-9.155013
320,3.6,12,7.8,0.16,4.698206,4.68319,4.976982,5.281033,-11.562572
822,10,10.6,10.6,0.28,1.681545,4.11549,4.221916,4.357869,-14.176293
387,5.2,10.6,10.6,0.16,4.720309,3.732401,3.739888,3.798788,-21.689991
1177,2,10.6,7.8,0.4,0.926589,7.831829,8.32573,9.373839,-3.804719
679,2,12,5,0.28,1.558064,7.167335,7.639967,8.628327,-4.565374
78,10,5,7.8,0.1,10.161618,5.779691,5.934946,6.164535,-8.870395
69,5.2,12,6.4,0.1,10.115857,4.305082,4.477421,4.553451,-16.364284
718,6.8,12,6.4,0.28,1.21566,5.120095,5.482456,6.235762,-8.698327
492,10,9.2,6.4,0.22,2.422478,5.663105,6.042881,6.7501,-7.288088
1180,6.8,10.6,7.8,0.4,1.0228,6.6332,7.05076,7.936437,-5.306885
308,3.6,9.2,7.8,0.16,6.897281,5.962305,6.287965,6.313106,-7.726377
1250,3.6,10.6,10.6,0.4,1.061991,6.392459,6.670633,6.926328,-5.76189
1166,3.6,7.8,7.8,0.4,0.255411,11.321938,11.845963,12.315301,-1.904784
16,6.8,7.8,5,0.1,12.936843,6.739991,6.995257,7.281936,-6.553512
1074,10,10.6,12,0.34,0.853778,3.898387,4.221102,4.58895,-14.600315
94,6.8,9.2,7.8,0.1,11.075059,3.680155,3.688734,3.708145,-25.288487
50,3.6,7.8,6.4,0.1,20.147863,6.422509,6.52695,6.56677,-8.248361
979,2,6.4,9.2,0.34,0.920288,8.781917,9.965057,10.343197,-2.748125
834,10,5,12,0.28,1.460188,4.831433,5.732661,5.785955,-8.915428
669,5.2,9.2,5,0.28,1.485871,8.358163,8.902722,9.985323,-3.370473
17,8.4,7.8,5,0.1,10.507173,6.234067,6.467477,6.720491,-7.651541
154,6.8,6.4,10.6,0.1,10.231986,4.198742,4.269268,4.338786,-17.92432
708,10,9.2,6.4,0.28,1.507014,6.318675,6.741554,7.574975,-5.765912
528,10,9.2,7.8,0.22,2.836461,5.107272,5.434901,5.696588,-9.079498
471,5.2,5,6.4,0.22,0.546004,11.449267,12.360567,13.122155,-1.724611
1124,3.6,6.4,6.4,0.4,0.109488,16.558603,17.319498,17.862589,-0.921389
919,2,9.2,6.4,0.34,1.298647,9.401592,10.006403,11.250111,-2.634081
294,10,5,7.8,0.16,6.291762,6.81076,7.232704,7.757149,-5.099699
976,6.8,5,9.2,0.34,1.04058,7.919695,9.335951,9.491443,-3.388334
517,2,7.8,7.8,0.22,4.358248,8.758715,8.926365,9.217292,-3.294058
354,10,10.6,9.2,0.16,3.189717,3.390474,3.514514,3.556819,-24.96716
320,3.6,12,7.8,0.16,4.698206,4.68319,4.976982,5.281033,-11.562572
12,10,6.4,5,0.1,12.825057,6.75745,6.960485,7.012778,-6.857531
899,8.4,12,5,0.34,1.143007,6.132967,6.50297,7.304914,-6.466226
129,5.2,9.2,9.2,0.1,10.522955,3.413553,3.441576,3.441964,-29.122584
1015,2,6.4,10.6,0.34,1.107156,7.15663,8.295187,8.490558,-4.091168
384,10,9.2,10.6,0.16,3.328159,3.372247,3.453926,3.513065,-24.976684
1043,8.4,12,10.6,0.34,0.931317,4.246552,4.529999,4.718127,-12.425753
290,3.6,5,7.8,0.16,2.495784,9.117677,9.688975,10.402203,-2.840897
1020,10,6.4,10.6,0.34,0.933432,5.439108,6.304129,6.450938,-7.088192
937,2,5,7.8,0.34,0.250383,12.039803,13.991226,14.088361,-1.472423
217,2,5,5,0.16,0.508813,17.249464,17.416853,17.945923,-0.885959
1280,3.6,9.2,12,0.4,1.526475,5.453371,6.120842,6.465868,-7.117592
422,3.6,10.6,12,0.16,5.128656,3.670606,3.732058,3.743047,-22.264116
306,10,7.8,7.8,0.16,3.792909,5.161152,5.192771,5.311655,-10.936304
513,5.2,6.4,7.8,0.22,2.16957,7.984516,8.533221,9.195653,-3.658091
986,3.6,7.8,9.2,0.34,1.371177,7.759783,8.530175,9.043886,-3.659688
701,8.4,7.8,6.4,0.28,1.446469,8.224323,8.731429,9.678732,-3.453701
912,10,6.4,6.4,0.34,0.23557,11.80579,12.276945,12.762203,-1.760682
670,6.8,9.2,5,0.28,1.345427,7.881541,8.394731,9.414808,-3.791963
1126,6.8,6.4,6.4,0.4,0.119737,14.895516,15.58002,16.069784,-1.137431
173,8.4,10.6,10.6,0.1,26.938004,2.171546,2.19003,2.195851,-73.035039
402,10,5,12,0.16,2.620593,4.539353,4.905779,5.337766,-10.301958
466,6.8,12,5,0.22,1.638091,5.518174,5.907547,6.6918,-7.496248
234,10,7.8,5,0.16,3.61337,6.96885,7.386313,8.093818,-5.03394
168,10,9.2,10.6,0.1,27.507536,2.345953,2.373935,2.379057,-61.37538
115,2,6.4,9.2,0.1,21.120827,6.629537,6.733266,6.800855,-7.514693
1156,6.8,5,7.8,0.4,0.220052,11.202466,13.0716,13.277975,-1.727116
707,8.4,9.2,6.4,0.28,1.653819,6.631422,7.07553,7.95096,-5.233933
852,10,9.2,12,0.28,1.005354,3.722188,4.01792,4.403749,-15.687879
456,10,9.2,5,0.22,1.598947,6.462346,6.89627,7.715287,-5.573126
1073,8.4,10.6,12,0.34,0.827344,4.077829,4.415551,4.800646,-13.341988
1039,2,12,10.6,0.34,1.670354,5.37905,5.740044,5.993272,-7.739728
1272,10,6.4,12,0.4,0.754919,5.036868,6.001076,6.135556,-8.228715
827,8.4,12,10.6,0.28,2.004952,3.797252,4.057909,4.135448,-16.165866
1284,10,9.2,12,0.4,1.236558,4.504459,5.055454,5.339368,-10.43712
1239,5.2,7.8,10.6,0.4,1.07099,6.486526,7.379354,7.653484,-5.068657
267,5.2,7.8,6.4,0.16,6.471782,7.305462,7.708811,8.060741,-4.970713
1184,3.6,12,7.8,0.4,0.987013,6.205511,6.615916,7.515169,-5.985632
60,10,9.2,6.4,0.1,9.788416,3.995068,4.076352,4.0954,-20.369047
1007,8.4,12,9.2,0.34,0.919169,4.49046,4.802697,5.450879,-11.029762
305,8.4,7.8,7.8,0.16,4.473477,5.48346,5.5174,5.644366,-9.685694
690,10,5,6.4,0.28,0.396406,10.892753,12.01488,12.557235,-1.85209
1111,2,12,5,0.4,1.155965,8.33097,8.790362,9.82009,-3.608271
1030,6.8,9.2,10.6,0.34,0.970294,5.326049,5.81131,6.242601,-7.764644
1097,8.4,7.8,5,0.4,0.202969,11.8043,12.457537,13.82882,-1.770273
171,5.2,10.6,10.6,0.1,18.352602,2.590359,2.61236,2.618698,-51.435165
287,8.4,12,6.4,0.16,3.248727,4.256486,4.546808,5.044026,-13.23323
224,3.6,6.4,5,0.16,1.039529,11.528592,12.168674,13.187053,-1.906281
1254,10,10.6,10.6,0.4,0.838944,5.268336,5.497472,5.707809,-8.479126
139,2,12,9.2,0.1,15.250748,3.610397,3.622181,3.627043,-26.209377
219,5.2,5,5,0.16,0.619092,13.981245,14.113455,14.532904,-1.347347
678,10,10.6,5,0.28,1.273177,6.056639,6.451869,7.256373,-6.469047
307,2,9.2,7.8,0.16,7.110178,6.698069,7.069113,7.113546,-6.099533
689,8.4,5,6.4,0.28,0.328256,11.434752,12.613001,13.182621,-1.680788
182,3.6,5,12,0.1,7.399077,5.936711,6.209204,6.705018,-7.083744
1216,6.8,10.6,9.2,0.4,1.333298,6.260457,6.635209,7.296987,-5.907993
843,5.2,7.8,12,0.28,2.089687,4.682107,5.155706,5.564905,-9.553238
666,10,7.8,5,0.28,1.253515,8.717109,9.265823,10.333771,-3.076119
1259,8.4,12,10.6,0.4,0.965478,4.759096,5.056936,5.358662,-10.04727
901,2,5,6.4,0.34,0.13188,16.498343,18.502186,18.979635,-0.812065
525,5.2,9.2,7.8,0.22,3.443021,6.129919,6.525798,6.858197,-6.300941
336,10,6.4,9.2,0.16,3.245707,4.999911,5.233367,5.642319,-10.117929
735,5.2,7.8,7.8,0.28,2.660677,8.324239,8.5774,8.891788,-3.454447
565,2,10.6,9.2,0.22,4.43502,5.672354,6.047829,6.209421,-7.531136
1161,5.2,6.4,7.8,0.4,0.238173,11.108696,12.474587,12.778984,-1.818122
475,2,6.4,6.4,0.22,0.596245,12.420455,12.677195,13.121291,-1.633413
9,5.2,6.4,5,0.1,16.979244,8.600497,8.868204,8.957372,-4.25097
892,6.8,10.6,5,0.34,1.112711,7.365376,7.813703,8.764984,-4.494114
318,10,10.6,7.8,0.16,3.807674,3.85262,4.0732,4.259107,-17.757028
572,3.6,12,9.2,0.22,2.442779,4.528597,4.843156,5.274614,-11.298133
720,10,12,6.4,0.28,1.168113,4.632379,4.959815,5.640254,-10.633917
815,8.4,9.2,10.6,0.28,1.070025,4.554922,4.886786,5.333365,-10.85991
853,2,10.6,12,0.28,1.998906,4.812546,5.12511,5.52528,-9.854213
960,10,9.2,7.8,0.34,1.586704,6.605417,7.010901,7.799491,-5.295532
822,10,10.6,10.6,0.28,1.681545,4.11549,4.221916,4.357869,-14.176293
780,10,9.2,9.2,0.28,1.796608,5.281531,5.428595,5.615371,-8.665071
